Species,Water,CNMs,Dimension,Shape,Length,Diameter,Thickness,Zeta,Medium,RPM,C%,Modification,Dispersant,Duration,LightI,Temperature,LightD,Conc.,N,inhibition
0,1,0,2,0,250,250,0.5,-23,4,0,88.73,3,3,48,NA,22,12,0.1,1.00E+06,-47.84482759
0,1,0,2,0,250,250,0.5,-23,4,0,88.73,3,3,12,NA,22,12,0.1,1.00E+06,-43.63636364
0,1,0,2,0,250,250,0.5,-23,4,0,88.73,3,3,96,NA,22,12,0.1,1.00E+06,-43.04068522
0,1,0,2,0,250,250,0.5,-23,4,0,88.73,3,3,72,NA,22,12,0.1,1.00E+06,-36.38554217
0,1,0,2,0,250,250,0.5,-23,4,0,88.73,3,3,24,NA,22,12,0.05,1.00E+06,-28.20512821
11,1,3,1,2,2000,25,25,-20.3,3,0,95.62,8,3,144,5560,25,12,5,50000,-26.30331752
6,1,3,1,2,17500,1.5,1.5,NA,3,0,96.3,8,3,96,2250,25,12,0.1,2.00E+06,-22.53968255
0,1,0,2,0,250,250,0.5,-23,4,0,88.73,3,3,96,NA,22,12,0.05,1.00E+06,-22.48394004
10,1,0,2,0,5050,5050,1.5,-36.93960511,3,NA,NA,3,3,24,NA,28,24,0.01,5.00E+05,-21.68674694
6,1,3,1,2,17500,1.5,1.5,NA,3,0,96.3,8,3,72,2250,25,12,0.5,2.00E+06,-20.77922077
0,1,0,2,0,250,250,0.5,-23,4,0,88.73,3,3,48,NA,22,12,0.05,1.00E+06,-20.25862069
6,1,3,1,2,17500,1.5,1.5,NA,3,0,96.3,8,3,72,2250,25,12,0.1,2.00E+06,-19.62481962
4,0,4,1,3,27500,NA,NA,NA,7,0,NA,8,3,168,3892,20,12,1,10000,-19.27634698
1,0,0,2,0,1500,1500,NA,-8.35,1,NA,NA,3,3,288,5560,18,12,0.5,837000,-19.09212285
0,1,0,2,0,250,250,0.5,-23,4,0,88.73,3,3,72,NA,22,12,0.05,1.00E+06,-18.79518072
11,1,2,0,1,10,10,10,-5.21,7,NA,NA,8,3,24,4000,25,12,5,20000,-17.89264414
11,1,3,1,2,2000,25,25,-20.3,3,0,95.62,8,3,192,5560,25,12,5,50000,-17.79242177
11,1,2,0,1,10,10,10,-5.21,7,NA,NA,8,3,48,4000,25,12,10,20000,-15.02982107
6,1,3,1,2,50000,30,30,-30.18,3,0,NA,8,3,144,2000,25,12,5,334095.0099,-14.66275659
10,1,0,2,0,5050,5050,1.5,-36.93960511,3,NA,NA,3,3,72,NA,28,24,0.01,5.00E+05,-14.64343831
0,1,0,2,0,250,250,0.5,-23,4,0,88.73,3,3,12,NA,22,12,0.05,1.00E+06,-11.81818182
11,1,3,1,2,2000,25,25,-20.3,3,0,95.62,8,3,96,5560,25,12,1,50000,-11.67512687
11,1,2,0,1,10,10,10,-5.21,7,NA,NA,8,3,48,4000,25,12,5,20000,-10.73558648
8,1,3,1,2,12500,15,15,NA,3,NA,90,8,3,48,NA,25,14,0.01,780000,-9.963547944
4,0,3,1,2,NA,19,19,NA,7,0,NA,8,3,168,3892,20,12,1,10000,-9.954179188
4,0,3,1,2,NA,19,19,NA,7,0,NA,8,3,168,3892,20,12,1,10000,-9.954179188
11,1,3,1,2,2000,25,25,-20.3,3,0,95.62,8,3,144,5560,25,12,1,50000,-9.004739306
11,1,3,1,2,2000,25,25,-20.3,3,0,95.62,8,3,48,5560,25,12,1,50000,-8.333333344
0,1,1,0,1,NA,NA,NA,NA,0,125,99.5,0,3,144,4448,NA,NA,40,NA,-7.511726361
11,1,2,0,1,10,10,10,-5.21,7,NA,NA,8,3,72,4000,25,12,10,20000,-7.236580517
6,1,3,1,2,50000,30,30,-30.18,3,0,NA,8,3,216,2000,25,12,5,334095.0099,-7.097791777
4,0,4,1,3,27500,NA,NA,NA,7,0,NA,8,3,168,3892,20,12,1,10000,-6.636119459
6,1,3,1,2,50000,30,30,-30.18,3,0,NA,8,3,360,2000,25,12,5,334095.0099,-6.607275443
6,1,3,1,2,17500,1.5,1.5,NA,3,0,96.3,8,3,96,2250,25,12,0.5,2.00E+06,-6.428571443
10,1,3,1,2,3500,10,10,NA,7,100,95,8,3,96,4448,24,16,0.1,50000,-6
2,0,0,2,0,3000,3000,1,NA,1,0,NA,3,3,24,6000,23,14,0.1,898466257.7,-5.872612869
11,1,2,0,1,10,10,10,-5.21,7,NA,NA,8,3,72,4000,25,12,5,20000,-5.805168986
2,0,0,2,0,3000,3000,1,NA,1,0,NA,3,3,24,6000,23,14,0.2,898466257.7,-5.431063035
4,0,4,1,3,27500,NA,NA,NA,7,0,NA,8,3,168,3892,20,12,10,10000,-5.214093857
10,1,0,2,0,5050,5050,1.5,-36.93960511,3,NA,NA,3,3,48,NA,28,24,0.01,5.00E+05,-4.94206579
2,0,0,2,0,3000,3000,1,NA,1,0,NA,3,3,48,6000,23,14,0.2,898466257.7,-4.693942266
2,0,0,2,0,3000,3000,1,NA,1,0,NA,3,3,48,6000,23,14,0.1,898466257.7,-4.228776868
12,1,3,1,2,3500,45,45,NA,7,110,93.99,3,3,96,5560,25,14,1,150000,-4.145454545
11,1,3,1,2,2000,25,25,-20.3,3,0,95.62,8,3,192,5560,25,12,1,50000,-4.118616158
13,1,3,1,2,NA,2,2,NA,5,90,92.13,8,2,144,1300,20,16,0.1,250000,-4
1,0,0,2,0,1500,1500,NA,-8.35,1,NA,NA,3,3,456,5560,18,12,0.5,837000,-3.422982873
2,0,0,2,0,3000,3000,1,NA,1,0,NA,3,3,24,6000,23,14,1,898466257.7,-3.179158852
2,0,0,2,0,3000,3000,1,NA,1,0,NA,3,3,24,6000,23,14,5,898466257.7,-3.135003863
10,1,3,1,2,3500,10,10,NA,7,100,92,3,2,96,4448,24,16,0.053,50000,-3
11,1,2,0,1,10,10,10,-5.21,7,NA,NA,8,3,96,4000,25,12,5,20000,-2.942345924
10,1,0,2,0,3000,3000,0.9,-17.75803144,3,NA,67.17,3,3,72,NA,24,24,10,65000,-2.847503374
12,1,2,0,1,NA,NA,NA,NA,3,0,NA,8,3,24,4000,25,12,5,2500000,-2.777777189
6,1,3,1,2,50000,30,30,-30.18,3,0,NA,8,3,288,2000,25,12,5,334095.0099,-2.71115745
6,1,3,1,2,17500,1.5,1.5,NA,3,0,96.3,8,3,72,2250,25,12,1,2.00E+06,-2.597402596
9,0,3,1,2,20000,25,25,NA,1,NA,95,8,3,48,4000,20,12,5,NA,-2.515726667
10,1,0,2,0,5050,5050,1.5,-36.93960511,3,NA,NA,3,3,96,NA,28,24,0.01,5.00E+05,-2.448479553
2,0,0,2,0,3000,3000,1,NA,1,0,NA,3,3,72,6000,23,14,0.1,898466257.7,-2.32764569
2,0,0,2,0,3000,3000,1,NA,1,0,NA,3,3,48,6000,23,14,0.5,898466257.7,-2.198963954
9,0,3,1,2,20000,25,25,NA,1,NA,95,8,3,24,4000,20,12,5,NA,-2.07792
2,0,0,2,0,3000,3000,1,NA,1,0,NA,3,3,24,6000,23,14,2,898466257.7,-1.854509327
11,1,2,0,1,10,10,10,-5.21,7,NA,NA,8,3,96,4000,25,12,10,20000,-1.829025845
2,0,0,2,0,3000,3000,1,NA,1,0,NA,3,3,24,6000,23,14,0.5,898466257.7,-1.633734404
2,0,0,2,0,3000,3000,1,NA,1,0,NA,3,3,72,6000,23,14,0.2,898466257.7,-1.06519373
5,1,3,1,2,3500,10,10,NA,7,100,95,8,2,96,4448,24,16,0.14,25000,-1
5,1,3,1,2,3500,10,10,NA,7,100,95,8,3,96,4448,24,16,0.1,25000,-1
6,1,3,1,2,17500,1.5,1.5,NA,3,0,96.3,8,3,24,2250,25,12,0.1,2.00E+06,-0.840336138
2,0,0,2,0,3000,3000,1,NA,1,0,NA,3,3,48,6000,23,14,10,898466257.7,-0.718892057
9,0,3,1,2,20000,25,25,NA,1,NA,95,8,3,72,4000,20,12,5,NA,-0.635924952
2,0,0,2,0,3000,3000,1,NA,1,0,NA,3,3,48,6000,23,14,1,898466257.7,-0.507453223
10,1,0,2,0,300,300,0.9,NA,3,0,66.36,3,3,144,3000,25,24,0.01,5.00E+06,-0.505050505
2,0,0,2,0,3000,3000,1,NA,1,0,NA,3,3,24,6000,23,14,10,898466257.7,-0.397394856
8,1,3,1,2,12500,15,15,NA,3,NA,90,8,3,24,NA,25,14,0.01,780000,-0.331674956
2,0,0,2,0,3000,3000,1,NA,1,0,NA,3,3,48,6000,23,14,5,898466257.7,-0.211438844
8,1,3,1,2,12500,15,15,NA,3,NA,90,8,3,72,NA,25,14,0.01,780000,-0.205973235
6,1,0,2,0,NA,NA,NA,-27.8,3,0,NA,3,3,96,2000,25,12,5,2270000,-0.143727733
10,1,4,1,3,155000,12,12,-12.0945083,11,NA,NA,8,3,24,3614,20,24,0,5.00E+05,0
10,1,4,1,3,155000,12,12,-12.0945083,11,NA,NA,8,3,48,3614,20,24,0,5.00E+05,0
10,1,4,1,3,155000,12,12,-12.0945083,11,NA,NA,8,3,72,3614,20,24,0,5.00E+05,0
10,1,4,1,3,155000,12,12,-12.0945083,11,NA,NA,8,3,96,3614,20,24,0,5.00E+05,0
10,1,3,1,2,50000,30,30,-18.53887399,11,NA,NA,8,3,24,3614,20,24,0,5.00E+05,0
10,1,3,1,2,50000,30,30,-18.53887399,11,NA,NA,8,3,48,3614,20,24,0,5.00E+05,0
10,1,3,1,2,50000,30,30,-18.53887399,11,NA,NA,8,3,72,3614,20,24,0,5.00E+05,0
10,1,3,1,2,50000,30,30,-18.53887399,11,NA,NA,8,3,96,3614,20,24,0,5.00E+05,0
15,1,3,1,2,17500,30,30,-18.95194743,11,0,93,8,3,24,3614,20,24,0,5.00E+05,0
15,1,3,1,2,17500,30,30,-18.95194743,11,0,93,8,3,48,3614,20,24,0,5.00E+05,0
15,1,3,1,2,17500,30,30,-18.95194743,11,0,93,8,3,72,3614,20,24,0,5.00E+05,0
15,1,3,1,2,17500,30,30,-18.95194743,11,0,93,8,3,96,3614,20,24,0,5.00E+05,0
3,0,3,1,2,20000,25,25,NA,2,0,95,8,3,24,6672,22,24,0,NA,0
3,0,3,1,2,20000,25,25,NA,2,0,95,8,3,48,6672,22,24,0,NA,0
3,0,3,1,2,20000,25,25,NA,2,0,95,8,3,72,6672,22,24,0,NA,0
3,0,3,1,2,20000,25,25,NA,2,0,95,8,3,168,6672,22,24,0,NA,0
12,1,5,0,1,10,10,10,NA,3,300,NA,8,3,48,8340,25,12,0,3.00E+06,0
12,1,5,0,1,10,10,10,NA,3,300,NA,3,3,48,8340,25,12,0,3.00E+06,0
10,1,6,3,4,208.295,208.295,208.295,-18.42931937,3,150,NA,8,3,72,5560,25,14,0,1.00E+06,0
10,1,6,3,4,208.295,208.295,208.295,-19.93717277,3,150,NA,8,3,72,5560,25,14,0,1.00E+06,0
10,1,6,3,4,208.295,208.295,208.295,-22.53403141,3,150,NA,8,3,72,5560,25,14,0,1.00E+06,0
12,1,2,0,1,NA,NA,NA,NA,3,0,NA,4,3,24,4000,25,12,0,2500000,0
12,1,2,0,1,NA,NA,NA,NA,3,0,NA,4,3,48,4000,25,12,0,2500000,0
12,1,2,0,1,NA,NA,NA,NA,3,0,NA,4,3,72,4000,25,12,0,2500000,0
12,1,2,0,1,NA,NA,NA,NA,3,0,NA,4,3,96,4000,25,12,0,2500000,0
12,1,2,0,1,NA,NA,NA,NA,3,0,NA,4,3,120,4000,25,12,0,2500000,0
12,1,2,0,1,NA,NA,NA,NA,3,0,NA,4,3,144,4000,25,12,0,2500000,0
12,1,2,0,1,NA,NA,NA,NA,3,0,NA,7,3,24,4000,25,12,0,2500000,0
12,1,2,0,1,NA,NA,NA,NA,3,0,NA,7,3,48,4000,25,12,0,2500000,0
12,1,2,0,1,NA,NA,NA,NA,3,0,NA,7,3,72,4000,25,12,0,2500000,0
12,1,2,0,1,NA,NA,NA,NA,3,0,NA,7,3,96,4000,25,12,0,2500000,0
12,1,2,0,1,NA,NA,NA,NA,3,0,NA,7,3,120,4000,25,12,0,2500000,0
12,1,2,0,1,NA,NA,NA,NA,3,0,NA,7,3,144,4000,25,12,0,2500000,0
12,1,2,0,1,NA,NA,NA,NA,3,0,NA,8,3,24,4000,25,12,0,2500000,0
12,1,2,0,1,NA,NA,NA,NA,3,0,NA,8,3,24,4000,25,12,10,2500000,0
12,1,2,0,1,NA,NA,NA,NA,3,0,NA,8,3,48,4000,25,12,0,2500000,0
12,1,2,0,1,NA,NA,NA,NA,3,0,NA,8,3,72,4000,25,12,0,2500000,0
12,1,2,0,1,NA,NA,NA,NA,3,0,NA,8,3,96,4000,25,12,0,2500000,0
12,1,2,0,1,NA,NA,NA,NA,3,0,NA,8,3,120,4000,25,12,0,2500000,0
12,1,2,0,1,NA,NA,NA,NA,3,0,NA,8,3,144,4000,25,12,0,2500000,0
6,1,0,2,0,NA,NA,NA,-15.8,3,NA,NA,3,3,96,NA,25,12,0,NA,0
6,1,2,0,1,30,30,2.75,-16.2,3,NA,68.94,3,3,24,3300,25,14,0,5.00E+05,0
6,1,2,0,1,30,30,2.75,-16.2,3,NA,68.94,3,3,48,3300,25,14,0,5.00E+05,0
6,1,2,0,1,30,30,2.75,-16.2,3,NA,68.94,3,3,72,3300,25,14,0,5.00E+05,0
6,1,0,2,0,700,700,1.75,-10.9,3,NA,65.93,3,3,24,3300,25,14,0,5.00E+05,0
6,1,0,2,0,700,700,1.75,-10.9,3,NA,65.93,3,3,48,3300,25,14,0,5.00E+05,0
6,1,0,2,0,700,700,1.75,-10.9,3,NA,65.93,3,3,72,3300,25,14,0,5.00E+05,0
6,1,0,2,0,700,700,1.75,-10.9,3,NA,65.93,3,3,96,3300,25,14,0,5.00E+05,0
11,1,3,1,2,2000,25,25,-20.3,3,0,95.62,8,3,48,5560,25,12,0,50000,0
11,1,3,1,2,2000,25,25,-20.3,3,0,95.62,8,3,96,5560,25,12,0,50000,0
11,1,3,1,2,2000,25,25,-20.3,3,0,95.62,8,3,144,5560,25,12,0,50000,0
11,1,3,1,2,2000,25,25,-20.3,3,0,95.62,8,3,192,5560,25,12,0,50000,0
10,1,3,1,2,1750,1.5,1.5,-19.29813265,3,NA,NA,6,3,24,NA,24,24,0,64800,0
10,1,3,1,2,1750,1.5,1.5,-19.29813265,3,NA,NA,6,3,48,NA,24,24,0,64800,0
10,1,3,1,2,1750,1.5,1.5,-19.29813265,3,NA,NA,6,3,72,NA,24,24,0,64800,0
10,1,0,2,0,2750,2750,1,-17.08306504,3,NA,64.51,3,3,24,NA,24,24,0,64800,0
10,1,0,2,0,2750,2750,1,-17.08306504,3,NA,64.51,3,3,48,NA,24,24,0,64800,0
10,1,0,2,0,2750,2750,1,-17.08306504,3,NA,64.51,3,3,72,NA,24,24,0,64800,0
10,1,0,2,0,2750,2750,1,-17.08306504,3,NA,64.51,3,3,96,NA,24,24,0,64800,0
10,1,0,2,0,5050,5050,1.5,-36.93960511,3,NA,NA,3,3,72,NA,28,24,0,5.00E+05,0
10,1,0,2,0,5050,5050,1.5,-36.93960511,3,NA,NA,3,3,96,NA,28,24,0,5.00E+05,0
6,1,3,1,2,17500,1.5,1.5,NA,3,0,96.3,8,3,24,2250,25,12,0,2.00E+06,0
6,1,3,1,2,17500,1.5,1.5,NA,3,0,96.3,8,3,24,2250,25,12,10,2.00E+06,0
6,1,3,1,2,17500,1.5,1.5,NA,3,0,96.3,8,3,48,2250,25,12,0,2.00E+06,0
6,1,3,1,2,17500,1.5,1.5,NA,3,0,96.3,8,3,72,2250,25,12,0,2.00E+06,0
6,1,3,1,2,17500,1.5,1.5,NA,3,0,96.3,8,3,96,2250,25,12,0,2.00E+06,0
11,1,0,2,0,1250,1250,1,-33.6,3,0,NA,6,3,72,5000,25,12,0,NA,0
11,1,0,2,0,1250,1250,1,-30.8,3,0,NA,1,3,72,5000,25,12,0,NA,0
11,1,0,2,0,1250,1250,1,-45.2,3,0,98,8,3,72,5000,25,12,0,NA,0
11,1,0,2,0,2750,2750,1,-38,3,0,NA,3,3,72,5000,25,12,0,NA,0
6,1,0,2,0,NA,NA,NA,-27.8,3,0,NA,3,3,96,2000,25,12,0,2270000,0
12,1,0,2,0,3500,3500,1.2,-29.4,3,NA,40.3,3,3,72,NA,24,14,0,1.00E+05,0
10,1,0,2,0,300,300,0.9,NA,3,0,66.36,3,3,144,3000,24,24,0,5.00E+06,0
6,1,3,1,2,50000,30,30,-30.18,3,0,NA,8,3,72,2000,25,12,0,334095.0099,0
6,1,3,1,2,50000,30,30,-30.18,3,0,NA,8,3,144,2000,25,12,0,334095.0099,0
6,1,3,1,2,50000,30,30,-30.18,3,0,NA,8,3,216,2000,25,12,0,334095.0099,0
6,1,3,1,2,50000,30,30,-30.18,3,0,NA,8,3,288,2000,25,12,0,334095.0099,0
6,1,3,1,2,50000,30,30,-30.18,3,0,NA,8,3,360,2000,25,12,0,334095.0099,0
10,1,0,2,0,2750,2750,1,-17.08121827,3,0,77.32,3,1,24,NA,25,16,0,550000,0
10,1,0,2,0,2750,2750,1,-17.08121827,3,0,58.84,3,0,24,NA,25,16,0,550000,0
10,1,0,2,0,2750,2750,1,-17.08121827,3,0,77.32,3,3,24,NA,25,16,0,550000,0
10,1,0,2,0,2750,2750,1,-17.08121827,3,0,58.84,3,1,48,NA,25,16,0,550000,0
10,1,0,2,0,2750,2750,1,-17.08121827,3,0,77.32,3,0,48,NA,25,16,0,550000,0
10,1,0,2,0,2750,2750,1,-17.08121827,3,0,58.84,3,3,48,NA,25,16,0,550000,0
10,1,0,2,0,2750,2750,1,-17.08121827,3,0,77.32,3,1,72,NA,25,16,0,550000,0
10,1,0,2,0,2750,2750,1,-17.08121827,3,0,58.84,3,0,72,NA,25,16,0,550000,0
10,1,0,2,0,2750,2750,1,-17.08121827,3,0,77.32,3,3,72,NA,25,16,0,550000,0
10,1,0,2,0,2750,2750,1,-17.08121827,3,0,77.32,3,1,96,NA,25,16,0,550000,0
10,1,0,2,0,2750,2750,1,-17.08121827,3,0,58.84,3,0,96,NA,25,16,0,550000,0
10,1,0,2,0,2750,2750,1,-17.08121827,3,0,77.32,3,3,96,NA,25,16,0,550000,0
12,1,5,0,1,10,10,10,NA,3,400,NA,8,3,24,8340,25,12,0,3.00E+06,0
12,1,5,0,1,10,10,10,NA,3,400,NA,8,3,48,8340,25,12,0,3.00E+06,0
10,1,2,2,0,25,25,4,-27.5,3,0,NA,8,3,96,NA,26,14,0,3.00E+05,0
10,1,0,2,0,NA,NA,NA,NA,3,0,NA,3,3,6,NA,25,16,0,1100000,0
10,1,0,2,0,NA,NA,NA,NA,3,0,NA,3,3,18,NA,25,16,0,1100000,0
10,1,0,2,0,NA,NA,NA,NA,3,0,NA,3,3,24,NA,25,16,0,1100000,0
10,1,0,2,0,NA,NA,NA,NA,3,0,56.08,5,3,6,NA,25,16,0,1100000,0
10,1,0,2,0,NA,NA,NA,NA,3,0,56.08,5,3,18,NA,25,16,0,1100000,0
10,1,0,2,0,NA,NA,NA,NA,3,0,56.08,5,3,24,NA,25,16,0,1100000,0
8,1,3,1,2,12500,15,15,NA,3,NA,90,8,3,24,NA,25,14,0,780000,0
8,1,3,1,2,12500,15,15,NA,3,NA,90,8,3,48,NA,25,14,0,780000,0
8,1,3,1,2,12500,15,15,NA,3,NA,90,8,3,72,NA,25,14,0,780000,0
8,1,3,1,2,12500,15,15,NA,3,NA,90,8,3,96,NA,25,14,0,780000,0
10,1,0,2,0,85.8,85.8,NA,NA,3,NA,71.1,5,3,6,NA,25,16,0,550000,0
10,1,0,2,0,85.8,85.8,NA,NA,3,NA,71.1,5,3,18,NA,25,16,0,550000,0
10,1,0,2,0,85.8,85.8,NA,NA,3,NA,71.1,5,3,24,NA,25,16,0,550000,0
13,1,3,1,2,NA,NA,NA,NA,9,0,NA,8,3,96,4000,20,12,0,1.00E+05,0
16,1,3,1,2,1250,11.5,11.5,NA,9,0,95,8,3,24,NA,20,12,0,1600000,0
16,1,3,1,2,1250,11.5,11.5,NA,9,0,95,8,3,48,NA,20,12,0,1600000,0
16,1,3,1,2,1250,11.5,11.5,NA,9,0,95,8,3,72,NA,20,12,0,1600000,0
16,1,3,1,2,1250,11.5,11.5,NA,9,0,95,8,3,96,NA,20,12,0,1600000,0
7,0,2,0,1,10,10,10,-7.08,1,0,NA,8,3,48,4003.2,20,NA,0,10156.25,0
7,0,2,0,1,10,10,10,-7.08,1,0,NA,8,3,72,4003.2,20,NA,0,10156.25,0
7,0,2,0,1,10,10,10,-7.08,1,0,NA,8,3,96,4003.2,20,NA,0,10156.25,0
7,0,2,0,1,10,10,10,-7.08,1,0,NA,8,3,24,4003.2,20,NA,0,10156.25,0
9,0,3,1,2,20000,25,25,NA,1,NA,95,8,3,24,4000,20,12,0,NA,0
9,0,3,1,2,20000,25,25,NA,1,NA,95,8,3,48,4000,20,12,0,NA,0
9,0,3,1,2,20000,25,25,NA,1,NA,95,8,3,72,4000,20,12,0,NA,0
9,0,3,1,2,20000,25,25,NA,1,NA,95,8,3,96,4000,20,12,0,NA,0
2,0,0,2,0,3000,3000,1,NA,1,0,NA,3,3,24,6000,23,14,0,898466257.7,0
2,0,0,2,0,3000,3000,1,NA,1,0,NA,3,3,48,6000,23,14,0,898466257.7,0
2,0,0,2,0,3000,3000,1,NA,1,0,NA,3,3,72,6000,23,14,0,898466257.7,0
2,0,0,2,0,3000,3000,1,NA,1,0,NA,3,3,96,6000,23,14,0,898466257.7,0
1,0,0,2,0,1500,1500,NA,-8.35,1,NA,NA,3,3,120,5560,18,12,0,837000,0
1,0,0,2,0,1500,1500,NA,-8.35,1,NA,NA,3,3,288,5560,18,12,0,837000,0
1,0,0,2,0,1500,1500,NA,-8.35,1,NA,NA,3,3,456,5560,18,12,0,837000,0
1,0,0,2,0,1500,1500,NA,-8.35,1,NA,NA,3,3,624,5560,18,12,0,837000,0
11,1,1,0,1,98,98,98,NA,6,0,99,8,3,24,10000,25,12,0,2000,0
11,1,1,0,1,98,98,98,NA,6,0,99,8,3,36,10000,25,12,0,2000,0
11,1,1,0,1,98,98,98,NA,6,0,99,8,3,48,10000,25,12,0,2000,0
11,1,1,0,1,98,98,98,NA,6,0,99,8,3,60,10000,25,12,0,2000,0
11,1,1,0,1,98,98,98,NA,6,0,99,8,3,72,10000,25,12,0,2000,0
11,1,0,2,0,2600,2600,0.55,NA,6,0,NA,9,3,72,1668,25,16,0,6.00E+05,0
12,1,3,1,2,3200,70,70,NA,7,110,97.1,8,1,96,5560,25,14,0,150000,0
12,1,3,1,2,3200,70,70,NA,7,110,97.1,8,6,96,5560,25,14,0,150000,0
12,1,3,1,2,3200,70,70,NA,7,110,97.1,8,7,96,5560,25,14,0,150000,0
12,1,3,1,2,3200,70,70,NA,7,110,97.1,8,3,96,5560,25,14,0,150000,0
4,0,4,1,3,27500,NA,NA,NA,7,0,NA,8,3,72,3892,20,12,0,10000,0
4,0,4,1,3,27500,NA,NA,NA,7,0,NA,8,3,168,3892,20,12,0,10000,0
4,0,3,1,2,NA,19,19,NA,7,0,NA,8,3,72,3892,20,12,0,10000,0
4,0,3,1,2,NA,19,19,NA,7,0,NA,8,3,168,3892,20,12,0,10000,0
12,1,3,1,2,800,9,9,NA,7,0,89,8,3,96,5560,25,14,0,1.00E+05,0
12,1,3,1,2,800,9,9,NA,7,0,89,8,3,96,5560,25,14,5,1.00E+05,0
12,1,3,1,2,1700,28,28,NA,7,0,98,8,3,96,5560,25,14,0,1.00E+05,0
12,1,3,1,2,3200,70,70,NA,7,0,97.1,8,3,96,5560,25,14,0,1.00E+05,0
10,1,3,1,2,20000,1.1,1.1,NA,7,100,99.63,8,5,24,5450,24,NA,0,1000,0
10,1,3,1,2,20000,1.1,1.1,NA,7,100,99.63,8,5,48,5450,24,NA,0,1000,0
10,1,3,1,2,20000,1.1,1.1,NA,7,100,99.63,8,5,72,5450,24,NA,0,1000,0
14,1,3,1,2,20000,1.1,1.1,NA,7,100,99.63,8,5,24,5450,24,NA,0,1000,0
14,1,3,1,2,20000,1.1,1.1,NA,7,100,99.63,8,5,48,5450,24,NA,0,1000,0
14,1,3,1,2,20000,1.1,1.1,NA,7,100,99.63,8,5,72,5450,24,NA,0,1000,0
11,1,2,0,1,10,10,10,-5.21,7,NA,NA,8,3,24,4000,25,12,0,20000,0
11,1,2,0,1,10,10,10,-5.21,7,NA,NA,8,3,48,4000,25,12,0,20000,0
11,1,2,0,1,10,10,10,-5.21,7,NA,NA,8,3,72,4000,25,12,0,20000,0
11,1,2,0,1,10,10,10,-5.21,7,NA,NA,8,3,96,4000,25,12,0,20000,0
11,1,0,2,0,2000,2000,2.5,-18.25,7,0,91,8,3,96,NA,NA,NA,0,3.00E+05,0
10,1,3,1,2,3500,10,10,NA,7,100,95,8,3,96,4448,24,16,0,50000,0
10,1,3,1,2,3500,10,10,NA,7,100,95,8,3,96,4448,24,16,1,50000,0
5,1,3,1,2,3500,10,10,NA,7,100,95,8,2,96,4448,24,16,1.3,25000,0
14,1,0,2,0,160,160,3.5,-24.3,8,NA,NA,3,3,96,6672,19,12,0,1.00E+05,0
0,1,1,0,1,NA,NA,NA,NA,0,125,99.5,0,3,72,4448,NA,NA,0,NA,0
0,1,1,0,1,NA,NA,NA,NA,0,125,99.5,0,3,144,4448,NA,NA,0,NA,0
0,1,1,0,1,NA,NA,NA,NA,0,125,99.5,0,3,216,4448,NA,NA,0,NA,0
12,1,0,2,0,NA,NA,NA,-13.89496718,4,150,96.3,8,3,96,4000,24,14,0,1.00E+06,0
0,1,0,2,0,250,250,0.5,-23,4,0,88.73,3,3,12,NA,22,12,0,1.00E+06,0
0,1,0,2,0,250,250,0.5,-23,4,0,88.73,3,3,24,NA,22,12,0,1.00E+06,0
0,1,0,2,0,250,250,0.5,-23,4,0,88.73,3,3,48,NA,22,12,0,1.00E+06,0
0,1,0,2,0,250,250,0.5,-23,4,0,88.73,3,3,72,NA,22,12,0,1.00E+06,0
0,1,0,2,0,250,250,0.5,-23,4,0,88.73,3,3,96,NA,22,12,0,1.00E+06,0
12,1,0,2,0,2000,2000,NA,-28.14905815,4,NA,45.3,3,3,72,12009.6,24,14,0,5.00E+05,0
12,1,0,2,0,6500,6500,NA,-46.67359667,4,NA,76.9,3,3,48,12009.6,24,14,0,1.00E+06,0
14,1,0,2,0,160,160,3.5,-24.3,8,NA,NA,3,3,96,6672,19,12,0.5,1.00E+05,0.12
11,1,1,0,1,98,98,98,NA,6,0,99,8,3,72,10000,25,12,0.045,2000,0.18
6,1,0,2,0,NA,NA,NA,-15.8,3,NA,NA,3,3,96,NA,25,12,1,NA,0.26
11,1,1,0,1,98,98,98,NA,6,0,99,8,3,60,10000,25,12,0.045,2000,0.28
2,0,0,2,0,3000,3000,1,NA,1,0,NA,3,3,48,6000,23,14,2,898466257.7,0.296014379
3,0,3,1,2,20000,25,25,NA,2,0,95,8,4,72,6672,22,24,10,NA,0.467292489
3,0,3,1,2,20000,25,25,NA,2,0,95,8,4,168,6672,22,24,5,NA,0.513697312
11,1,0,2,0,1250,1250,1,-33.6,3,0,NA,6,3,72,5000,25,12,5,NA,0.54
11,1,1,0,1,98,98,98,NA,6,0,99,8,3,48,10000,25,12,0.045,2000,0.64
6,1,0,2,0,NA,NA,NA,-27.8,3,0,NA,3,3,96,2000,25,12,10,2270000,0.862366325
5,1,3,1,2,3500,10,10,NA,7,100,95,8,2,96,4448,24,16,0.042,25000,1
5,1,3,1,2,3500,10,10,NA,7,100,95,8,3,96,4448,24,16,1,25000,1
10,1,0,2,0,NA,NA,NA,NA,3,0,56.08,5,3,24,NA,25,16,1,1100000,1.049617994
6,1,0,2,0,NA,NA,NA,-15.8,3,NA,NA,3,3,96,NA,25,12,5,NA,1.32
10,1,0,2,0,NA,NA,NA,NA,3,0,NA,3,3,6,NA,25,16,1,1100000,1.634472539
2,0,0,2,0,3000,3000,1,NA,1,0,NA,3,3,72,6000,23,14,2,898466257.7,1.656968228
6,1,3,1,2,17500,1.5,1.5,NA,3,0,96.3,8,3,96,2250,25,12,1,2.00E+06,1.66
10,1,0,2,0,85.8,85.8,NA,NA,3,NA,71.1,5,3,6,NA,25,16,1,550000,1.69230769
6,1,0,2,0,NA,NA,NA,-15.8,3,NA,NA,3,3,96,NA,25,12,10,NA,1.85
3,0,3,1,2,20000,25,25,NA,2,0,95,8,4,72,6672,22,24,5,NA,1.869158023
9,0,3,1,2,20000,25,25,NA,1,NA,95,8,3,96,4000,20,12,5,NA,1.89731875
12,1,2,0,1,NA,NA,NA,NA,3,0,NA,7,3,24,4000,25,12,5,2500000,1.93548162
10,1,0,2,0,2750,2750,1,-17.08121827,3,0,58.84,3,1,48,NA,25,16,1,550000,1.97
13,1,3,1,2,NA,2,2,NA,5,90,92.13,8,2,144,1300,20,16,1,250000,2
5,1,3,1,2,3500,10,10,NA,7,100,95,8,3,96,4448,24,16,0.33,25000,2
10,1,3,1,2,3500,10,10,NA,7,100,92,3,3,96,4448,24,16,0.1,50000,2
2,0,0,2,0,3000,3000,1,NA,1,0,NA,3,3,72,6000,23,14,1,898466257.7,2.051484399
10,1,0,2,0,3000,3000,0.9,-17.75803144,3,NA,67.17,3,3,96,NA,24,24,0.1,65000,2.086638194
10,1,0,2,0,2750,2750,1,-17.08121827,3,0,77.32,3,0,48,NA,25,16,0.01,550000,2.13
2,0,0,2,0,3000,3000,1,NA,1,0,NA,3,3,72,6000,23,14,0.5,898466257.7,2.248742533
12,1,2,0,1,NA,NA,NA,NA,3,0,NA,4,3,24,4000,25,12,5,2500000,2.424241531
2,0,0,2,0,3000,3000,1,NA,1,0,NA,3,3,96,6000,23,14,0.1,898466257.7,2.494252874
12,1,2,0,1,NA,NA,NA,NA,3,0,NA,7,3,24,4000,25,12,1,2500000,2.580643949
10,1,0,2,0,2750,2750,1,-17.08306504,3,NA,64.51,3,3,72,NA,24,24,1,64800,2.593546506
4,0,3,1,2,NA,19,19,NA,7,0,NA,8,3,72,3892,20,12,1,10000,2.609363002
3,0,3,1,2,20000,25,25,NA,2,0,95,8,4,24,6672,22,24,5,NA,2.66272009
14,1,3,1,2,10000,1.2,1.2,-31.5,7,200,95,8,4,72,6000,23,24,1.1,10000,2.663628034
10,1,0,2,0,1500,1500,1.1,-17.04433498,3,0,77.32,3,3,24,NA,25,16,0.001,NA,2.680412371
10,1,0,2,0,2750,2750,1,-17.08121827,3,0,77.32,3,3,24,NA,25,16,0.001,550000,2.73
11,1,1,0,1,98,98,98,NA,6,0,99,8,3,24,10000,25,12,0.045,2000,2.76
14,1,3,1,2,10000,1.5,1.5,NA,7,200,95,8,4,72,NA,22.5,NA,1,10000,2.8
1,0,0,2,0,1500,1500,NA,-8.35,1,NA,NA,3,3,120,5560,18,12,0.5,837000,2.809917362
11,1,1,0,1,98,98,98,NA,6,0,99,8,3,36,10000,25,12,0.045,2000,2.86
10,1,0,2,0,NA,NA,NA,-28.032,3,0,NA,2,1,96,NA,24,24,0.01,50000,2.90148448
5,1,3,1,2,3500,10,10,NA,7,100,95,8,2,96,4448,24,16,0.42,25000,3
10,1,0,2,0,NA,NA,NA,NA,3,0,NA,2,1,96,NA,24,24,0.01,50000,3.036437247
10,1,0,2,0,85.8,85.8,NA,NA,3,NA,71.1,5,3,18,NA,25,16,1,550000,3.115727011
10,1,0,2,0,NA,NA,NA,NA,3,0,NA,3,3,6,NA,25,16,10,1100000,3.120356597
6,1,0,2,0,700,700,1.75,-10.9,3,NA,65.93,3,3,48,3300,25,14,0.1,5.00E+05,3.190060443
11,1,0,2,0,1750,1750,0.875,-20.55,7,0,NA,3,3,96,3500,24,12,0.709960453,3.00E+05,3.22
10,1,0,2,0,85.8,85.8,NA,NA,3,NA,71.1,5,3,24,NA,25,16,1,550000,3.230337079
3,0,3,1,2,20000,25,25,NA,2,0,95,8,4,24,6672,22,24,10,NA,3.254439584
2,0,0,2,0,3000,3000,1,NA,1,0,NA,3,3,96,6000,23,14,0.2,898466257.7,3.333333333
10,1,0,2,0,2750,2750,1,-17.08121827,3,0,77.32,3,0,48,NA,25,16,0.001,550000,3.39
8,1,3,1,2,12500,15,15,NA,3,NA,90,8,3,48,NA,25,14,0.1,780000,3.402187158
14,1,3,1,2,10000,1.2,1.2,-31.5,7,200,95,8,4,72,6000,23,24,3.5,10000,3.491003741
10,1,3,1,2,3500,10,10,NA,7,100,95,8,3,96,4448,24,16,0.33,50000,3.5
4,0,3,1,2,NA,19,19,NA,7,0,NA,8,3,72,3892,20,12,1,10000,3.53031465
10,1,0,2,0,1500,1500,1.1,-17.04433498,3,0,77.32,3,3,24,NA,25,16,0.01,NA,3.556701031
10,1,0,2,0,2750,2750,1,-17.08121827,3,0,77.32,3,3,24,NA,25,16,0.01,550000,3.59
11,1,0,2,0,1750,1750,0.875,-21.91666667,7,0,64,3,3,96,3500,24,12,0.49063047,3.00E+05,3.62
0,1,1,0,1,NA,NA,NA,NA,0,125,99.5,0,3,72,4448,NA,NA,40,NA,3.63610991
12,1,2,0,1,NA,NA,NA,NA,3,0,NA,4,3,24,4000,25,12,10,2500000,3.636362296
2,0,0,2,0,3000,3000,1,NA,1,0,NA,3,3,72,6000,23,14,5,898466257.7,3.747904186
11,1,1,0,1,98,98,98,NA,6,0,99,8,3,72,10000,25,12,0.09,2000,3.87
10,1,0,2,0,NA,NA,NA,NA,3,0,NA,3,3,18,NA,25,16,1,1100000,3.901437387
14,1,3,1,2,10000,1.5,1.5,NA,7,200,95,8,4,72,NA,22.5,NA,3,10000,3.97
11,1,0,2,0,1250,1250,1,-30.8,3,0,NA,1,3,72,5000,25,12,5,NA,4.11
10,1,0,2,0,1500,1500,1.1,-17.04433498,3,0,77.32,3,3,24,NA,25,16,0.1,NA,4.12371134
10,1,0,2,0,2750,2750,1,-17.08121827,3,0,77.32,3,3,24,NA,25,16,0.1,550000,4.14
10,1,0,2,0,2750,2750,1,-17.08121827,3,0,77.32,3,1,96,NA,25,16,0.001,550000,4.14
11,1,1,0,1,98,98,98,NA,6,0,99,8,3,60,10000,25,12,0.09,2000,4.15
12,1,2,0,1,NA,NA,NA,NA,3,0,NA,8,3,24,4000,25,12,100,2500000,4.166667297
11,1,0,2,0,1250,1250,1,-33.6,3,0,NA,6,3,72,5000,25,12,10,NA,4.17
2,0,0,2,0,3000,3000,1,NA,1,0,NA,3,3,96,6000,23,14,0.5,898466257.7,4.218390805
3,0,3,1,2,20000,25,25,NA,2,0,95,8,4,48,6672,22,24,5,NA,4.221634059
0,1,1,0,1,NA,NA,NA,NA,0,125,99.5,0,3,144,4448,NA,NA,20,NA,4.225357064
11,1,0,2,0,1250,1250,1,-30.8,3,0,NA,1,3,72,5000,25,12,10,NA,4.23
11,1,0,2,0,1250,1250,1,-42.1,3,0,NA,1,1,72,5000,25,12,20,NA,4.28
6,1,0,2,0,700,700,1.75,-10.9,3,NA,65.93,3,3,96,3300,25,14,0.1,5.00E+05,4.377564979
6,1,0,2,0,700,700,1.75,-10.9,3,NA,65.93,3,3,72,3300,25,14,0.1,5.00E+05,4.398925453
3,0,3,1,2,20000,25,25,NA,2,0,95,8,4,48,6672,22,24,10,NA,4.485485626
10,1,0,2,0,3000,3000,0.9,-17.75803144,3,NA,67.17,3,3,96,NA,24,24,1,65000,4.502745577
11,1,0,2,0,2000,2000,2.5,-14.20454545,7,0,91,8,3,96,3500,24,12,0.1,3.00E+05,4.57
6,1,0,2,0,700,700,1.75,-10.9,3,NA,65.93,3,3,96,3300,25,14,0.1,5.00E+05,4.603580646
10,1,0,2,0,NA,NA,NA,NA,3,0,NA,3,3,6,NA,25,16,20,1100000,4.606240738
8,1,3,1,2,12500,15,15,NA,3,NA,90,8,3,24,NA,25,14,0.1,780000,4.64344942
6,1,0,2,0,NA,NA,NA,-27.8,3,0,NA,3,3,96,2000,25,12,15,2270000,4.743014827
3,0,3,1,2,20000,25,25,NA,2,0,95,8,4,168,6672,22,24,10,NA,4.794519909
10,1,0,2,0,2750,2750,1,-17.08121827,3,0,77.32,3,3,96,NA,25,16,0.001,550000,4.9
10,1,0,2,0,1500,1500,1.1,-17.04433498,3,0,77.32,3,3,96,NA,25,16,0.001,NA,4.921875
2,0,0,2,0,3000,3000,1,NA,1,0,NA,3,3,72,6000,23,14,10,898466257.7,4.931452854
10,1,0,2,0,2750,2750,1,-17.08121827,3,0,58.84,3,0,96,NA,25,16,0.01,550000,4.97
10,1,3,1,2,3500,10,10,NA,7,100,92,3,3,96,4448,24,16,0.33,50000,5
10,1,0,2,0,2750,2750,1,-17.08121827,3,0,58.84,3,0,96,NA,25,16,0.001,550000,5.09
2,0,0,2,0,3000,3000,1,NA,1,0,NA,3,3,96,6000,23,14,1,898466257.7,5.091954023
10,1,0,2,0,2750,2750,1,-17.08121827,3,0,77.32,3,1,24,NA,25,16,1,550000,5.26
10,1,0,2,0,1500,1500,1.1,-17.04433498,3,0,77.32,3,3,48,NA,25,16,0.1,NA,5.304010349
10,1,0,2,0,2750,2750,1,-17.08121827,3,0,58.84,3,3,48,NA,25,16,0.1,550000,5.32
2,0,0,2,0,3000,3000,1,NA,1,0,NA,3,3,96,6000,23,14,2,898466257.7,5.402298851
10,1,3,1,2,3500,10,10,NA,7,100,95,8,2,96,4448,24,16,0.042,50000,5.5
12,1,2,0,1,NA,NA,NA,NA,3,0,NA,8,3,48,4000,25,12,5,2500000,5.633803141
10,1,0,2,0,2750,2750,1,-17.08121827,3,0,58.84,3,0,96,NA,25,16,0.1,550000,5.64
6,1,2,0,1,30,30,2.75,-16.2,3,NA,68.94,3,3,96,3300,25,14,0.1,5.00E+05,5.745554036
11,1,1,0,1,98,98,98,NA,6,0,99,8,3,48,10000,25,12,0.09,2000,5.99
10,1,3,1,2,3500,10,10,NA,7,100,92,3,2,96,4448,24,16,0.17,50000,6
10,1,0,2,0,3000,3000,0.9,-17.75803144,3,NA,67.17,3,3,48,NA,24,24,10,65000,6.006389776
11,1,0,2,0,1250,1250,1,-30.8,3,0,NA,1,3,72,5000,25,12,20,NA,6.22
10,1,0,2,0,NA,NA,NA,NA,3,0,NA,3,3,6,NA,25,16,30,1100000,6.240713277
0,1,1,0,1,NA,NA,NA,NA,0,125,99.5,0,3,216,4448,NA,NA,40,NA,6.24999543
12,1,3,1,2,3200,70,70,NA,7,0,97.1,8,3,96,5560,25,14,5,1.00E+05,6.445115811
11,1,1,0,1,98,98,98,NA,6,0,99,8,3,36,10000,25,12,0.09,2000,6.45
6,1,0,2,0,700,700,1.75,-10.9,3,NA,65.93,3,3,24,3300,25,14,0.1,5.00E+05,6.466984343
11,1,1,0,1,98,98,98,NA,6,0,99,8,3,72,10000,25,12,0.18,2000,6.63
12,1,2,0,1,NA,NA,NA,NA,3,0,NA,8,3,48,4000,25,12,50,2500000,6.690140559
14,1,3,1,2,10000,27.5,27.5,NA,7,200,98,8,4,72,NA,22.5,NA,1,10000,6.714761376
12,1,2,0,1,NA,NA,NA,NA,3,0,NA,7,3,48,4000,25,12,1,2500000,6.751055104
10,1,0,2,0,NA,NA,NA,NA,3,0,NA,3,3,24,NA,25,16,1,1100000,6.778087277
10,1,0,2,0,2750,2750,1,-17.08121827,3,0,77.32,3,3,96,NA,25,16,0.01,550000,6.78
10,1,0,2,0,1500,1500,1.1,-17.04433498,3,0,77.32,3,3,96,NA,25,16,0.01,NA,6.796875
8,1,3,1,2,12500,15,15,NA,3,NA,90,8,3,72,NA,25,14,0.1,780000,6.797116372
10,1,0,2,0,2750,2750,1,-17.08121827,3,0,58.84,3,3,48,NA,25,16,1,550000,6.85
10,1,0,2,0,1500,1500,1.1,-17.04433498,3,0,77.32,3,3,48,NA,25,16,1,NA,6.856403622
6,1,0,2,0,NA,NA,NA,-15.8,3,NA,NA,3,3,96,NA,25,12,15,NA,6.88
10,1,0,2,0,NA,NA,NA,NA,3,0,NA,2,1,96,NA,24,24,0.01,50000,6.882591093
2,0,0,2,0,3000,3000,1,NA,1,0,NA,3,3,96,6000,23,14,5,898466257.7,6.908045977
13,1,3,1,2,NA,2,2,NA,5,90,92.13,8,2,144,1300,20,16,10,250000,7
5,1,3,1,2,3500,10,10,NA,7,100,95,8,3,96,4448,24,16,3,25000,7
10,1,0,2,0,2750,2750,1,-17.08121827,3,0,58.84,3,1,48,NA,25,16,0.001,550000,7.05
10,1,0,2,0,2750,2750,1,-17.08121827,3,0,58.84,3,3,48,NA,25,16,0.001,550000,7.13
10,1,0,2,0,1500,1500,1.1,-17.04433498,3,0,77.32,3,3,48,NA,25,16,0.001,NA,7.141009056
6,1,0,2,0,NA,NA,NA,-27.8,3,0,NA,3,3,96,2000,25,12,20,2270000,7.186386069
10,1,0,2,0,1500,1500,1.1,-17.04433498,3,0,77.32,3,3,48,NA,25,16,0.01,NA,7.192755498
10,1,0,2,0,2750,2750,1,-17.08121827,3,0,58.84,3,3,48,NA,25,16,0.01,550000,7.2
10,1,0,2,0,NA,NA,NA,NA,3,0,56.08,5,3,6,NA,25,16,1,1100000,7.230769166
6,1,2,0,1,30,30,2.75,-16.2,3,NA,68.94,3,3,72,3300,25,14,0.1,5.00E+05,7.387508395
12,1,0,2,0,3500,3500,1.2,-29.4,3,NA,40.3,3,3,72,NA,24,14,5,1.00E+05,7.5
9,0,3,1,2,20000,25,25,NA,1,NA,95,8,3,48,4000,20,12,50,NA,7.547168261
10,1,0,2,0,2750,2750,1,-17.08121827,3,0,77.32,3,0,48,NA,25,16,0.1,550000,7.55
6,1,2,0,1,30,30,2.75,-16.2,3,NA,68.94,3,3,48,3300,25,14,0.1,5.00E+05,7.62256548
12,1,2,0,1,NA,NA,NA,NA,3,0,NA,4,3,72,4000,25,12,10,2500000,7.635467874
12,1,3,1,2,2200,45,45,NA,7,110,93.75,3,3,96,5560,25,14,1,150000,7.636363636
12,1,2,0,1,NA,NA,NA,NA,3,0,NA,7,3,144,4000,25,12,1,2500000,7.744874799
8,1,3,1,2,12500,15,15,NA,3,NA,90,8,3,24,NA,25,14,10,780000,7.794361527
12,1,2,0,1,NA,NA,NA,NA,3,0,NA,4,3,72,4000,25,12,5,2500000,7.881773754
10,1,0,2,0,2750,2750,1,-17.08121827,3,0,77.32,3,3,96,NA,25,16,0.1,550000,7.91
10,1,0,2,0,1500,1500,1.1,-17.04433498,3,0,77.32,3,3,96,NA,25,16,0.1,NA,7.916666667
8,1,3,1,2,12500,15,15,NA,3,NA,90,8,3,96,NA,25,14,0.1,780000,7.933333339
12,1,2,0,1,NA,NA,NA,NA,3,0,NA,4,3,96,4000,25,12,10,2500000,8.037383113
12,1,3,1,2,2100,47,47,NA,7,110,92.44,3,3,96,5560,25,14,1,150000,8.072727273
10,1,0,2,0,1500,1500,1.1,-17.04433498,3,0,77.32,3,3,96,NA,25,16,1,NA,8.098958333
10,1,6,2,0,160,160,4,NA,3,150,79.24,8,3,72,5560,25,14,10,1.00E+06,8.11731315
10,1,0,2,0,2750,2750,1,-17.08121827,3,0,77.32,3,3,96,NA,25,16,1,550000,8.12
11,1,0,2,0,1750,1750,0.875,-20.55,7,0,NA,3,3,96,3500,24,12,1.380778736,3.00E+05,8.16
10,1,0,2,0,2750,2750,1,-17.08121827,3,0,58.84,3,1,48,NA,25,16,0.01,550000,8.17
16,1,3,1,2,1250,11.5,11.5,NA,9,0,95,8,3,24,NA,20,12,10,1600000,8.187134497
8,1,3,1,2,12500,15,15,NA,3,NA,90,8,3,48,NA,25,14,1,780000,8.26245444
10,1,0,2,0,2750,2750,1,-17.08121827,3,0,77.32,3,1,72,NA,25,16,0.1,550000,8.28
10,1,0,2,0,NA,NA,NA,-20.672,3,0,NA,2,3,96,NA,24,24,0.01,50000,8.434547908
10,1,3,1,2,3500,10,10,NA,7,100,95,8,3,96,4448,24,16,3,50000,8.5
12,1,3,1,2,3200,70,70,NA,7,110,97.1,8,1,96,5560,25,14,5,150000,8.52
11,1,0,2,0,2600,2600,0.55,NA,6,0,NA,9,3,72,1668,25,16,10,6.00E+05,8.59
7,0,2,0,1,10,10,10,-7.08,1,0,NA,8,3,72,4003.2,20,NA,1,8593.75,8.653846154
7,0,2,0,1,10,10,10,-7.08,1,0,NA,8,3,72,4003.2,20,NA,10,10234.375,8.653846154
11,1,0,2,0,1750,1750,0.875,-21.91666667,7,0,64,3,3,96,3500,24,12,0.985425518,3.00E+05,8.66
10,1,0,2,0,NA,NA,NA,NA,3,0,NA,3,3,18,NA,25,16,10,1100000,8.726899394
10,1,0,2,0,2750,2750,1,-17.08121827,3,0,77.32,3,1,96,NA,25,16,0.01,550000,8.75
10,1,0,2,0,2750,2750,1,-17.08121827,3,0,77.32,3,1,96,NA,25,16,1,550000,8.75
6,1,0,2,0,700,700,1.75,-10.9,3,NA,65.93,3,3,96,3300,25,14,1,5.00E+05,8.755129959
11,1,0,2,0,1250,1250,1,-30.8,3,0,NA,1,3,72,5000,25,12,40,NA,8.76
6,1,0,2,0,NA,NA,NA,-27.8,3,0,NA,3,3,96,2000,25,12,30,2270000,8.767391062
12,1,2,0,1,NA,NA,NA,NA,3,0,NA,7,3,72,4000,25,12,1,2500000,8.776595442
12,1,2,0,1,NA,NA,NA,NA,3,0,NA,4,3,96,4000,25,12,5,2500000,8.785047226
11,1,0,2,0,2750,2750,1,-38,3,0,NA,3,3,72,5000,25,12,5,NA,8.94
6,1,0,2,0,700,700,1.75,-10.9,3,NA,65.93,3,3,96,3300,25,14,1,5.00E+05,8.951406449
12,1,2,0,1,NA,NA,NA,NA,3,0,NA,4,3,120,4000,25,12,10,2500000,9.00000018
10,1,0,2,0,2750,2750,1,-17.08121827,3,0,77.32,3,3,72,NA,25,16,0.001,550000,9.18
12,1,5,0,1,10,10,10,NA,3,400,NA,8,3,48,8340,25,12,5,3.00E+06,9.207708785
12,1,2,0,1,NA,NA,NA,NA,3,0,NA,4,3,120,4000,25,12,5,2500000,9.285714359
10,1,0,2,0,1500,1500,1.1,-17.04433498,3,0,77.32,3,3,72,NA,25,16,0.001,NA,9.319526627
10,1,0,2,0,2750,2750,1,-17.08121827,3,0,77.32,3,0,48,NA,25,16,1,550000,9.32
11,1,1,0,1,98,98,98,NA,6,0,99,8,3,60,10000,25,12,0.18,2000,9.4
2,0,0,2,0,3000,3000,1,NA,1,0,NA,3,3,96,6000,23,14,10,898466257.7,9.425287356
10,1,0,2,0,2750,2750,1,-17.08121827,3,0,77.32,3,1,96,NA,25,16,0.1,550000,9.46
12,1,2,0,1,NA,NA,NA,NA,3,0,NA,4,3,144,4000,25,12,10,2500000,9.482758702
10,1,3,1,2,3500,10,10,NA,7,100,95,8,2,96,4448,24,16,0.14,50000,9.5
12,1,2,0,1,NA,NA,NA,NA,3,0,NA,4,3,48,4000,25,12,10,2500000,9.629629432
12,1,2,0,1,NA,NA,NA,NA,3,0,NA,4,3,144,4000,25,12,5,2500000,9.852216415
10,1,3,1,2,3500,10,10,NA,7,100,92,3,3,96,4448,24,16,3,50000,10
14,1,6,3,4,93.1,93.1,93.1,NA,7,200,99,8,4,72,NA,22.5,NA,1,10000,10.06881339
14,1,0,2,0,160,160,3.5,-24.3,8,NA,NA,3,3,96,6672,19,12,2,1.00E+05,10.1
10,1,0,2,0,2750,2750,1,-17.08121827,3,0,58.84,3,1,48,NA,25,16,0.1,550000,10.23
4,0,3,1,2,NA,19,19,NA,7,0,NA,8,3,168,3892,20,12,10,10000,10.27018485
12,1,2,0,1,NA,NA,NA,NA,3,0,NA,4,3,24,4000,25,12,50,2500000,10.3030306
3,0,3,1,2,20000,25,25,NA,2,0,95,8,3,24,6672,22,24,5,NA,10.35502817
14,1,3,1,2,10000,1.5,1.5,NA,7,200,95,8,4,8,NA,22.5,NA,2.5,2.00E+05,10.40580316
14,1,6,3,4,93.1,93.1,93.1,NA,7,200,99,8,4,8,NA,22.5,NA,2.5,2.00E+05,10.52054795
11,1,0,2,0,1250,1250,1,-42,3,0,NA,6,1,72,5000,25,12,20,NA,10.67
10,1,0,2,0,2750,2750,1,-17.08121827,3,0,77.32,3,1,72,NA,25,16,1,550000,10.7
12,1,3,1,2,3500,45,45,NA,7,110,93.99,3,3,96,5560,25,14,2,150000,10.83636364
10,1,6,3,4,208.295,208.295,208.295,-18.42931937,3,150,NA,8,3,72,5560,25,14,50,1.00E+06,10.85
11,1,1,0,1,98,98,98,NA,6,0,99,8,3,24,10000,25,12,0.09,2000,10.96
10,1,0,2,0,2750,2750,1,-17.08121827,3,0,77.32,3,1,72,NA,25,16,0.01,550000,11.24
12,1,2,0,1,NA,NA,NA,NA,3,0,NA,8,3,48,4000,25,12,10,2500000,11.26760628
11,1,0,2,0,2600,2600,0.55,NA,6,0,NA,9,3,72,1668,25,16,20,6.00E+05,11.3
4,0,4,1,3,27500,NA,NA,NA,7,0,NA,8,3,72,3892,20,12,1,10000,11.35840366
11,1,0,2,0,2750,2750,1,-38,3,0,NA,3,3,72,5000,25,12,10,NA,11.36
12,1,2,0,1,NA,NA,NA,NA,3,0,NA,7,3,24,4000,25,12,10,2500000,11.61290314
3,0,3,1,2,20000,25,25,NA,2,0,95,8,3,168,6672,22,24,5,NA,11.6438349
8,1,3,1,2,12500,15,15,NA,3,NA,90,8,3,96,NA,25,14,0.01,780000,11.66666667
6,1,0,2,0,NA,NA,NA,-15.8,3,NA,NA,3,3,96,NA,25,12,20,NA,11.71
6,1,0,2,0,700,700,1.75,-10.9,3,NA,65.93,3,3,48,3300,25,14,1,5.00E+05,11.82001343
10,1,0,2,0,NA,NA,NA,-28.032,3,0,NA,2,1,96,NA,24,24,0.1,50000,11.97705803
11,1,0,2,0,2750,2750,1,-42.07,3,0,NA,3,1,72,5000,25,12,20,NA,12.03
4,0,4,1,3,27500,NA,NA,NA,7,0,NA,8,3,72,3892,20,12,1,10000,12.2793553
12,1,0,2,0,2500,2500,5,-19.6,4,0,92.2,8,3,96,NA,25,NA,10,1.00E+06,12.32
10,1,0,2,0,3000,3000,0.9,-17.75803144,3,NA,67.17,3,3,96,NA,24,24,0.01,65000,12.33679073
10,1,0,2,0,3000,3000,0.9,-17.75803144,3,NA,67.17,3,3,24,NA,24,24,0.01,65000,12.36525048
11,1,0,2,0,1250,1250,1,-33.6,3,0,NA,6,3,72,5000,25,12,20,NA,12.39
10,1,0,2,0,2750,2750,1,-17.08121827,3,0,77.32,3,1,72,NA,25,16,0.001,550000,12.63
3,0,3,1,2,20000,25,25,NA,2,0,95,8,3,48,6672,22,24,5,NA,12.66490667
9,0,3,1,2,20000,25,25,NA,1,NA,95,8,3,24,4000,20,12,50,NA,12.72727273
12,1,3,1,2,3200,70,70,NA,7,110,97.1,8,3,96,5560,25,14,5,150000,12.78
12,1,2,0,1,NA,NA,NA,NA,3,0,NA,8,3,96,4000,25,12,5,2500000,12.90322637
10,1,3,1,2,3500,10,10,NA,7,100,92,3,3,96,4448,24,16,1,50000,13
16,1,3,1,2,1250,11.5,11.5,NA,9,0,95,8,3,48,NA,20,12,10,1600000,13.13131312
6,1,0,2,0,700,700,1.75,-10.9,3,NA,65.93,3,3,72,3300,25,14,1,5.00E+05,13.16319678
11,1,1,0,1,98,98,98,NA,6,0,99,8,3,48,10000,25,12,0.18,2000,13.27
12,1,2,0,1,NA,NA,NA,NA,3,0,NA,8,3,144,4000,25,12,5,2500000,13.36573521
10,1,3,1,2,20000,1.1,1.1,NA,7,100,99.63,8,5,72,5450,24,NA,12,1000,13.52253758
3,0,3,1,2,20000,25,25,NA,2,0,95,8,3,72,6672,22,24,5,NA,13.55140263
10,1,0,2,0,NA,NA,NA,NA,3,0,NA,2,1,96,NA,24,24,1,50000,13.56275304
12,1,0,2,0,NA,NA,NA,-33.04157549,4,150,42.1,3,1,96,4000,24,14,40,1.00E+06,13.57
4,0,3,1,2,NA,19,19,NA,7,0,NA,8,3,168,3892,20,12,10,10000,13.58824457
10,1,0,2,0,NA,NA,NA,-28.032,3,0,NA,2,1,96,NA,24,24,1,50000,13.59649123
13,1,3,1,2,NA,2,2,NA,5,90,92.13,8,2,48,1300,20,16,0.1,250000,13.7
12,1,2,0,1,NA,NA,NA,NA,3,0,NA,4,3,48,4000,25,12,5,2500000,13.70370284
5,1,3,1,2,3500,10,10,NA,7,100,95,8,3,96,4448,24,16,13,25000,14
6,1,2,0,1,30,30,2.75,-16.2,3,NA,68.94,3,3,48,3300,25,14,1,5.00E+05,14.00268637
12,1,2,0,1,NA,NA,NA,NA,3,0,NA,8,3,144,4000,25,12,10,2500000,14.09477542
6,1,2,0,1,30,30,2.75,-16.2,3,NA,68.94,3,3,24,3300,25,14,0.1,5.00E+05,14.32947583
12,1,2,0,1,NA,NA,NA,NA,3,0,NA,8,3,72,4000,25,12,5,2500000,14.45221402
14,1,3,1,2,10000,27.5,27.5,NA,7,200,98,8,4,8,NA,22.5,NA,3,2.00E+05,14.48015563
10,1,0,2,0,NA,NA,NA,NA,3,0,NA,3,3,24,NA,25,16,10,1100000,14.48467969
6,1,0,2,0,700,700,1.75,-10.9,3,NA,65.93,3,3,24,3300,25,14,1,5.00E+05,14.56773315
10,1,0,2,0,2750,2750,1,-17.08306504,3,NA,64.51,3,3,96,NA,24,24,10,64800,14.58652502
10,1,0,2,0,NA,NA,NA,NA,3,0,NA,2,1,96,NA,24,24,0.1,50000,14.60863698
12,1,2,0,1,NA,NA,NA,NA,3,0,NA,8,3,96,4000,25,12,50,2500000,14.6110061
11,1,1,0,1,98,98,98,NA,6,0,99,8,3,72,10000,25,12,0.36,2000,14.65
12,1,2,0,1,NA,NA,NA,NA,3,0,NA,8,3,72,4000,25,12,50,2500000,14.9184149
11,1,1,0,1,98,98,98,NA,6,0,99,8,3,60,10000,25,12,0.36,2000,14.92
11,1,1,0,1,98,98,98,NA,6,0,99,8,3,36,10000,25,12,0.18,2000,15.02
10,1,0,2,0,NA,NA,NA,NA,3,0,NA,2,1,96,NA,24,24,0.1,50000,15.08097166
12,1,2,0,1,NA,NA,NA,NA,3,0,NA,7,3,96,4000,25,12,1,2500000,15.39923963
12,1,3,1,2,2100,47,47,NA,7,110,92.44,3,3,96,5560,25,14,2,150000,15.49090909
10,1,2,0,1,35,35,5,-23.97812714,3,NA,78.2,3,3,72,NA,24,24,1,65000,15.57354926
10,1,0,2,0,2750,2750,1,-17.08121827,3,0,77.32,3,3,72,NA,25,16,0.1,550000,15.69
6,1,2,0,1,30,30,2.75,-16.2,3,NA,68.94,3,3,24,3300,25,14,1,5.00E+05,15.69094622
8,1,3,1,2,12500,15,15,NA,3,NA,90,8,3,24,NA,25,14,1,780000,15.75456053
12,1,2,0,1,NA,NA,NA,NA,3,0,NA,4,3,24,4000,25,12,100,2500000,15.75757541
10,1,0,2,0,1500,1500,1.1,-17.04433498,3,0,77.32,3,3,72,NA,25,16,0.1,NA,15.79881657
10,1,0,2,0,3000,3000,0.9,-17.75803144,3,NA,67.17,3,3,96,NA,24,24,10,65000,15.92434411
10,1,0,2,0,85.8,85.8,NA,NA,3,NA,71.1,5,3,6,NA,25,16,2,550000,16
10,1,3,1,2,3500,10,10,NA,7,100,92,3,2,96,4448,24,16,0.53,50000,16
12,1,2,0,1,NA,NA,NA,NA,3,0,NA,8,3,120,4000,25,12,5,2500000,16.01164436
10,1,0,2,0,2750,2750,1,-17.08121827,3,0,77.32,3,3,72,NA,25,16,0.01,550000,16.05
10,1,0,2,0,1500,1500,1.1,-17.04433498,3,0,77.32,3,3,72,NA,25,16,0.01,NA,16.10946746
12,1,2,0,1,NA,NA,NA,NA,3,0,NA,8,3,120,4000,25,12,50,2500000,16.1572049
6,1,3,1,2,17500,1.5,1.5,NA,3,0,96.3,8,3,72,2250,25,12,5,2.00E+06,16.16161618
6,1,0,2,0,700,700,1.75,-10.9,3,NA,65.93,3,3,24,3300,25,14,10,5.00E+05,16.16746086
7,0,2,0,1,10,10,10,-7.08,1,0,NA,8,3,96,4003.2,20,NA,1,8593.75,16.2295082
10,1,6,2,0,160,160,4,NA,3,150,79.24,8,3,72,5560,25,14,50,1.00E+06,16.2346263
10,1,0,2,0,NA,NA,NA,NA,3,0,56.08,5,3,6,NA,25,16,10,1100000,16.30769206
10,1,6,3,4,208.295,208.295,208.295,-19.93717277,3,150,NA,8,3,72,5560,25,14,50,1.00E+06,16.4
12,1,2,0,1,NA,NA,NA,NA,3,0,NA,7,3,120,4000,25,12,1,2500000,16.45207454
12,1,2,0,1,NA,NA,NA,NA,3,0,NA,4,3,144,4000,25,12,50,2500000,16.50246302
8,1,3,1,2,12500,15,15,NA,3,NA,90,8,3,72,NA,25,14,1,780000,16.58084449
9,0,3,1,2,20000,25,25,NA,1,NA,95,8,3,96,4000,20,12,50,NA,16.6294625
10,1,0,2,0,NA,NA,NA,NA,3,0,56.08,5,3,18,NA,25,16,1,1100000,16.89691792
6,1,0,2,0,NA,NA,NA,-15.8,3,NA,NA,3,3,96,NA,25,12,50,NA,17
10,1,0,2,0,NA,NA,NA,-20.672,3,0,NA,2,3,96,NA,24,24,0.1,50000,17.07152497
6,1,3,1,2,50000,30,30,-30.18,3,0,NA,8,3,288,2000,25,12,10,334095.0099,17.0742937
10,1,0,2,0,2750,2750,1,-17.08121827,3,0,58.84,3,0,24,NA,25,16,0.1,550000,17.33
4,0,3,1,2,NA,19,19,NA,7,0,NA,8,3,168,3892,20,12,100,10000,17.38031283
10,1,0,2,0,2750,2750,1,-17.08121827,3,0,77.32,3,3,24,NA,25,16,1,550000,17.42
10,1,6,2,0,90,90,1.4,NA,3,150,81.88,8,3,72,5560,25,14,10,1.00E+06,17.42667928
10,1,0,2,0,1500,1500,1.1,-17.04433498,3,0,77.32,3,3,24,NA,25,16,1,NA,17.4742268
12,1,2,0,1,NA,NA,NA,NA,3,0,NA,4,3,120,4000,25,12,50,2500000,17.57142877
11,1,0,2,0,1250,1250,1,-45.2,3,0,98,8,3,72,5000,25,12,5,NA,17.58
12,1,0,2,0,3500,3500,1.2,-29.4,3,NA,40.3,3,3,72,NA,24,14,10,1.00E+05,17.6
6,1,2,0,1,30,30,2.75,-16.2,3,NA,68.94,3,3,72,3300,25,14,1,5.00E+05,17.6292814
11,1,0,2,0,2000,2000,2.5,-18.25,7,0,91,8,3,96,NA,NA,NA,0.5,3.00E+05,17.63
8,1,3,1,2,12500,15,15,NA,3,NA,90,8,3,96,NA,25,14,1,780000,17.73333336
10,1,0,2,0,2750,2750,1,-17.08121827,3,0,58.84,3,0,72,NA,25,16,0.001,550000,17.75
12,1,2,0,1,NA,NA,NA,NA,3,0,NA,4,3,48,4000,25,12,50,2500000,17.77777793
11,1,0,2,0,2000,2000,2.5,-14.20454545,7,0,91,8,3,96,3500,24,12,0.49063047,3.00E+05,17.8
10,1,2,2,0,25,25,4,-27.5,3,0,NA,8,3,96,NA,26,14,1,3.00E+05,17.90123457
10,1,0,2,0,2750,2750,1,-17.08121827,3,0,58.84,3,0,72,NA,25,16,0.1,550000,17.97
10,1,0,2,0,2750,2750,1,-17.08121827,3,0,77.32,3,3,72,NA,25,16,1,550000,17.99
10,1,0,2,0,1500,1500,1.1,-17.04433498,3,0,77.32,3,3,72,NA,25,16,1,NA,18.01775148
12,1,3,1,2,3200,70,70,NA,7,110,97.1,8,6,96,5560,25,14,5,150000,18.06
4,0,4,1,3,27500,NA,NA,NA,7,0,NA,8,3,72,3892,20,12,100,10000,18.11204907
4,0,3,1,2,NA,19,19,NA,7,0,NA,8,3,72,3892,20,12,100,10000,18.11204907
11,1,0,2,0,1250,1250,1,-30.8,3,0,NA,1,3,72,5000,25,12,80,NA,18.13
11,1,1,0,1,98,98,98,NA,6,0,99,8,3,24,10000,25,12,0.18,2000,18.15
11,1,1,0,1,98,98,98,NA,6,0,99,8,3,72,10000,25,12,0.72,2000,18.15
12,1,3,1,2,800,9,9,NA,7,0,89,8,3,96,5560,25,14,10,1.00E+05,18.22759315
12,1,2,0,1,NA,NA,NA,NA,3,0,NA,4,3,96,4000,25,12,50,2500000,18.31775688
4,0,3,1,2,NA,19,19,NA,7,0,NA,8,3,72,3892,20,12,10,10000,18.41903296
11,1,0,2,0,1750,1750,0.875,-20.55,7,0,NA,3,3,96,3500,24,12,6.332084376,3.00E+05,18.47
12,1,2,0,1,NA,NA,NA,NA,3,0,NA,8,3,72,4000,25,12,10,2500000,18.64801786
10,1,0,2,0,2750,2750,1,-17.08121827,3,0,58.84,3,0,72,NA,25,16,0.01,550000,18.69
10,1,0,2,0,2750,2750,1,-17.08121827,3,0,58.84,3,0,96,NA,25,16,1,550000,18.72
10,1,6,3,4,208.295,208.295,208.295,-18.42931937,3,150,NA,8,3,72,5560,25,14,100,1.00E+06,18.74
6,1,3,1,2,50000,30,30,-30.18,3,0,NA,8,3,360,2000,25,12,10,334095.0099,18.74677367
4,0,4,1,3,27500,NA,NA,NA,7,0,NA,8,3,168,3892,20,12,10,10000,18.80233843
11,1,0,2,0,1750,1750,0.875,-21.91666667,7,0,64,3,3,96,3500,24,12,4.894313872,3.00E+05,18.9
6,1,2,0,1,30,30,2.75,-16.2,3,NA,68.94,3,3,96,3300,25,14,1,5.00E+05,18.93296854
12,1,2,0,1,NA,NA,NA,NA,3,0,NA,4,3,72,4000,25,12,50,2500000,18.9655173
10,1,0,2,0,NA,NA,NA,NA,3,0,NA,2,1,96,NA,24,24,1,50000,19.19703104
10,1,0,2,0,NA,NA,NA,NA,3,0,NA,3,3,18,NA,25,16,30,1100000,19.30184803
6,1,3,1,2,50000,30,30,-30.18,3,0,NA,8,3,72,2000,25,12,10,334095.0099,19.31295183
12,1,2,0,1,NA,NA,NA,NA,3,0,NA,7,3,24,4000,25,12,50,2500000,19.35483767
12,1,2,0,1,NA,NA,NA,NA,3,0,NA,8,3,96,4000,25,12,10,2500000,19.35483914
12,1,2,0,1,NA,NA,NA,NA,3,0,NA,8,3,144,4000,25,12,50,2500000,19.4410694
10,1,0,2,0,2750,2750,1,-17.08121827,3,0,58.84,3,0,24,NA,25,16,0.001,550000,19.45
7,0,2,0,1,10,10,10,-7.08,1,0,NA,8,3,24,4003.2,20,NA,10,10234.375,19.45945946
10,1,0,2,0,NA,NA,NA,-20.672,3,0,NA,2,3,96,NA,24,24,1,50000,19.46693657
6,1,2,0,1,30,30,2.75,-16.2,3,NA,68.94,3,3,24,3300,25,14,10,5.00E+05,19.53710007
12,1,0,2,0,6500,6500,NA,-46.67359667,4,NA,76.9,3,3,48,12009.6,24,14,5,1.00E+06,19.68
10,1,0,2,0,NA,NA,NA,NA,3,0,NA,3,3,24,NA,25,16,20,1100000,19.77715876
12,1,2,0,1,NA,NA,NA,NA,3,0,NA,8,3,120,4000,25,12,10,2500000,20.08733619
14,1,0,2,0,160,160,3.5,-24.3,8,NA,NA,3,3,96,6672,19,12,10,1.00E+05,20.19
10,1,2,0,1,35,35,5,-23.97812714,3,NA,78.2,3,3,96,NA,24,24,0.01,65000,20.31726663
11,1,1,0,1,98,98,98,NA,6,0,99,8,3,60,10000,25,12,0.72,2000,20.36
0,1,0,2,0,NA,NA,NA,-34.3,10,135,NA,3,3,72,2224,28,24,0.05,NA,20.40557668
7,0,2,0,1,10,10,10,-7.08,1,0,NA,8,3,96,4003.2,20,NA,10,10234.375,20.49180328
7,0,2,0,1,10,10,10,-7.08,1,0,NA,8,3,72,4003.2,20,NA,20,9453.125,20.67307692
10,1,0,2,0,2750,2750,1,-17.08121827,3,0,77.32,3,1,24,NA,25,16,0.001,550000,21.03
10,1,0,2,0,3000,3000,0.9,-17.75803144,3,NA,67.17,3,3,48,NA,24,24,1,65000,21.27795527
14,1,3,1,2,10000,27.5,27.5,NA,7,200,98,8,4,72,NA,22.5,NA,3,10000,21.47613762
12,1,2,0,1,NA,NA,NA,NA,3,0,NA,8,3,48,4000,25,12,100,2500000,21.47887361
10,1,0,2,0,2750,2750,1,-17.08121827,3,0,58.84,3,0,72,NA,25,16,1,550000,21.64
10,1,2,0,1,35,35,5,-23.97812714,3,NA,78.2,3,3,96,NA,24,24,1,65000,21.85478951
12,1,0,2,0,2500,2500,5,-19.6,4,0,92.2,8,3,96,NA,25,NA,20,1.00E+06,22.03
11,1,0,2,0,2750,2750,1,-38,3,0,NA,3,3,72,5000,25,12,20,NA,22.05
11,1,0,2,0,2000,2000,2.5,-14.20454545,7,0,91,8,3,96,3500,24,12,0.985425518,3.00E+05,22.05
6,1,3,1,2,17500,1.5,1.5,NA,3,0,96.3,8,3,48,2250,25,12,5,2.00E+06,22.07792205
6,1,3,1,2,50000,30,30,-30.18,3,0,NA,8,3,360,2000,25,12,20,334095.0099,22.1198841
11,1,0,2,0,2000,2000,2.5,-18.25,7,0,91,8,3,96,NA,NA,NA,1,3.00E+05,22.12
11,1,0,2,0,2600,2600,0.55,NA,6,0,NA,9,3,72,1668,25,16,50,6.00E+05,22.18
10,1,6,2,0,50,50,1.2,NA,3,150,78.83,8,3,72,5560,25,14,10,1.00E+06,22.25165563
3,0,3,1,2,20000,25,25,NA,2,0,95,8,3,24,6672,22,24,10,NA,22.48520475
12,1,0,2,0,2500,2500,5,-19.6,4,0,92.2,8,3,24,NA,25,NA,50,1.00E+06,22.62
7,0,2,0,1,10,10,10,-7.08,1,0,NA,8,3,96,4003.2,20,NA,20,9453.125,22.62295082
12,1,0,2,0,1000,1000,1.5,-24.7,4,0,62.3,9,3,96,NA,25,NA,10,1.00E+06,22.96
14,1,6,3,4,93.1,93.1,93.1,NA,7,200,99,8,4,8,NA,22.5,NA,8,2.00E+05,23.17808219
14,1,3,1,2,10000,1.5,1.5,NA,7,200,95,8,4,8,NA,22.5,NA,9,2.00E+05,23.27689888
11,1,1,0,1,98,98,98,NA,6,0,99,8,3,36,10000,25,12,0.36,2000,23.4
4,0,4,1,3,27500,NA,NA,NA,7,0,NA,8,3,168,3892,20,12,100,10000,23.54242376
6,1,0,2,0,700,700,1.75,-10.9,3,NA,65.93,3,3,96,3300,25,14,5,5.00E+05,23.58413133
12,1,5,0,1,10,10,10,NA,3,400,NA,8,3,48,8340,25,12,10,3.00E+06,23.76873662
12,1,2,0,1,NA,NA,NA,NA,3,0,NA,7,3,24,4000,25,12,100,2500000,23.87096592
12,1,2,0,1,NA,NA,NA,NA,3,0,NA,7,3,144,4000,25,12,5,2500000,23.91799537
10,1,3,1,2,3500,10,10,NA,7,100,92,3,3,96,4448,24,16,13,50000,24
6,1,3,1,2,50000,30,30,-30.18,3,0,NA,8,3,144,2000,25,12,10,334095.0099,24.00326448
8,1,3,1,2,12500,15,15,NA,3,NA,90,8,3,72,NA,25,14,10,780000,24.09886715
11,1,0,2,0,2750,2750,1,-38,3,0,NA,3,3,72,5000,25,12,40,NA,24.23
11,1,1,0,1,98,98,98,NA,6,0,99,8,3,48,10000,25,12,0.36,2000,24.32
12,1,0,2,0,2000,2000,NA,-28.14905815,4,NA,45.3,3,3,72,12009.6,24,14,5,5.00E+05,24.33052793
7,0,2,0,1,10,10,10,-7.08,1,0,NA,8,3,48,4003.2,20,NA,20,9453.125,24.5210728
10,1,0,2,0,NA,NA,NA,NA,3,0,NA,3,3,24,NA,25,16,30,1100000,24.69823583
10,1,3,1,2,1750,1.5,1.5,-19.29813265,3,NA,NA,6,3,96,NA,24,24,10,64800,24.70787011
11,1,0,2,0,1250,1250,1,-45.2,3,0,98,8,3,72,5000,25,12,10,NA,24.77
6,1,3,1,2,17500,1.5,1.5,NA,3,0,96.3,8,3,96,2250,25,12,5,2.00E+06,24.8
11,1,0,2,0,1250,1250,1,-33.6,3,0,NA,6,3,72,5000,25,12,40,NA,24.83
10,1,0,2,0,2750,2750,1,-17.08121827,3,0,58.84,3,0,24,NA,25,16,0.01,550000,25.02
10,1,0,2,0,NA,NA,NA,NA,3,0,56.08,5,3,6,NA,25,16,20,1100000,25.07692266
14,1,3,1,2,20000,1.1,1.1,NA,7,100,99.63,8,5,48,5450,24,NA,12,1000,25.09500529
10,1,0,2,0,85.8,85.8,NA,NA,3,NA,71.1,5,3,18,NA,25,16,2,550000,25.22255194
16,1,3,1,2,1250,11.5,11.5,NA,9,0,95,8,3,72,NA,20,12,10,1600000,25.43859648
6,1,3,1,2,50000,30,30,-30.18,3,0,NA,8,3,216,2000,25,12,10,334095.0099,25.69419534
6,1,0,2,0,700,700,1.75,-10.9,3,NA,65.93,3,3,72,3300,25,14,10,5.00E+05,25.72196105
6,1,3,1,2,17500,1.5,1.5,NA,3,0,96.3,8,3,72,2250,25,12,10,2.00E+06,25.82972584
12,1,5,0,1,10,10,10,NA,3,300,NA,3,3,48,8340,25,12,5,3.00E+06,25.89118199
12,1,2,0,1,NA,NA,NA,NA,3,0,NA,7,3,144,4000,25,12,10,2500000,25.96810923
10,1,3,1,2,3500,10,10,NA,7,100,95,8,2,96,4448,24,16,0.42,50000,26
10,1,6,3,4,208.295,208.295,208.295,-18.42931937,3,150,NA,8,3,72,5560,25,14,200,1.00E+06,26.02
12,1,2,0,1,NA,NA,NA,NA,3,0,NA,7,3,120,4000,25,12,5,2500000,26.03719602
10,1,0,2,0,2750,2750,1,-17.08121827,3,0,77.32,3,1,24,NA,25,16,0.1,550000,26.13
12,1,0,2,0,2000,2000,2.1,-27.3,4,0,39.1,3,3,96,NA,25,NA,10,1.00E+06,26.62
10,1,0,2,0,2750,2750,1,-17.08121827,3,0,58.84,3,0,24,NA,25,16,1,550000,27.03
12,1,3,1,2,2200,45,45,NA,7,110,93.75,3,3,96,5560,25,14,2,150000,27.27272727
13,1,3,1,2,NA,2,2,NA,5,90,92.13,8,2,144,1300,20,16,50,250000,27.4
12,1,2,0,1,NA,NA,NA,NA,3,0,NA,7,3,48,4000,25,12,5,2500000,27.42616026
12,1,2,0,1,NA,NA,NA,NA,3,0,NA,7,3,48,4000,25,12,10,2500000,27.42616026
12,1,2,0,1,NA,NA,NA,NA,3,0,NA,7,3,120,4000,25,12,10,2500000,27.46781109
10,1,3,1,2,3500,10,10,NA,7,100,95,8,3,96,4448,24,16,13,50000,27.5
10,1,2,2,0,25,25,4,-27.5,3,0,NA,8,3,96,NA,26,14,0.1,3.00E+05,27.57201646
8,1,3,1,2,12500,15,15,NA,3,NA,90,8,3,48,NA,25,14,10,780000,27.70352371
6,1,3,1,2,50000,30,30,-30.18,3,0,NA,8,3,144,2000,25,12,20,334095.0099,27.76968436
12,1,3,1,2,3200,70,70,NA,7,110,97.1,8,7,96,5560,25,14,5,150000,27.77
12,1,3,1,2,2100,47,47,NA,7,110,92.44,3,3,96,5560,25,14,4,150000,27.85454545
12,1,2,0,1,NA,NA,NA,NA,3,0,NA,7,3,96,4000,25,12,5,2500000,27.94676842
5,1,3,1,2,3500,10,10,NA,7,100,95,8,2,96,4448,24,16,5.5,25000,28
3,0,3,1,2,20000,25,25,NA,2,0,95,8,3,72,6672,22,24,10,NA,28.27103052
6,1,2,0,1,30,30,2.75,-16.2,3,NA,68.94,3,3,72,3300,25,14,10,5.00E+05,28.64338482
7,0,2,0,1,10,10,10,-7.08,1,0,NA,8,3,24,4003.2,20,NA,20,9453.125,28.64864865
11,1,2,0,1,10,10,10,-5.21,7,NA,NA,8,3,96,4000,25,12,50,20000,28.70775348
6,1,3,1,2,50000,30,30,-30.18,3,0,NA,8,3,72,2000,25,12,20,334095.0099,28.80998774
6,1,3,1,2,50000,30,30,-30.18,3,0,NA,8,3,216,2000,25,12,20,334095.0099,29.1068824
11,1,1,0,1,98,98,98,NA,6,0,99,8,3,48,10000,25,12,0.72,2000,29.11
13,1,3,1,2,NA,2,2,NA,5,90,92.13,8,2,48,1300,20,16,1,250000,29.2
12,1,0,2,0,NA,NA,NA,-13.89496718,4,150,96.3,8,3,96,4000,24,14,40,1.00E+06,29.2
6,1,3,1,2,50000,30,30,-30.18,3,0,NA,8,3,360,2000,25,12,50,334095.0099,29.30807113
11,1,0,2,0,2600,2600,0.55,NA,6,0,NA,9,3,72,1668,25,16,100,6.00E+05,29.45
10,1,6,3,4,208.295,208.295,208.295,-22.53403141,3,150,NA,8,3,72,5560,25,14,50,1.00E+06,29.47
6,1,3,1,2,50000,30,30,-30.18,3,0,NA,8,3,288,2000,25,12,20,334095.0099,29.51080314
10,1,0,2,0,85.8,85.8,NA,NA,3,NA,71.1,5,3,24,NA,25,16,2,550000,29.7752809
11,1,2,0,1,10,10,10,-5.21,7,NA,NA,8,3,48,4000,25,12,50,20000,29.82107356
11,1,2,0,1,10,10,10,-5.21,7,NA,NA,8,3,72,4000,25,12,50,20000,29.82107356
9,0,3,1,2,20000,25,25,NA,1,NA,95,8,3,24,4000,20,12,100,NA,29.87012364
11,1,0,2,0,1250,1250,1,-33.6,3,0,NA,6,3,72,5000,25,12,80,NA,29.91
14,1,3,1,2,20000,1.1,1.1,NA,7,100,99.63,8,5,48,5450,24,NA,16.8,1000,29.99654526
14,1,0,2,0,160,160,3.5,-24.3,8,NA,NA,3,3,96,6672,19,12,5,1.00E+05,30.05
10,1,6,3,4,208.295,208.295,208.295,-19.93717277,3,150,NA,8,3,72,5560,25,14,100,1.00E+06,30.09
6,1,0,2,0,700,700,1.75,-10.9,3,NA,65.93,3,3,48,3300,25,14,10,5.00E+05,30.1208865
12,1,3,1,2,3200,70,70,NA,7,110,97.1,8,1,96,5560,25,14,15,150000,30.24
12,1,5,0,1,10,10,10,NA,3,300,NA,3,3,48,8340,25,12,10,3.00E+06,30.58161351
6,1,0,2,0,700,700,1.75,-10.9,3,NA,65.93,3,3,96,3300,25,14,10,5.00E+05,30.69053764
6,1,0,2,0,700,700,1.75,-10.9,3,NA,65.93,3,3,96,3300,25,14,10,5.00E+05,30.69767442
4,0,3,1,2,NA,19,19,NA,7,0,NA,8,3,72,3892,20,12,10,10000,30.69838833
10,1,0,2,0,NA,NA,NA,NA,3,0,56.08,5,3,6,NA,25,16,30,1100000,30.76923039
7,0,2,0,1,10,10,10,-7.08,1,0,NA,8,3,48,4003.2,20,NA,10,10234.375,31.03448276
10,1,2,0,1,35,35,5,-23.97812714,3,NA,78.2,3,3,96,NA,24,24,0.1,65000,31.0433191
12,1,0,2,0,2000,2000,NA,-28.14905815,4,NA,45.3,3,3,72,12009.6,24,14,10,5.00E+05,31.06350421
12,1,2,0,1,NA,NA,NA,NA,3,0,NA,7,3,72,4000,25,12,5,2500000,31.11702141
3,0,3,1,2,20000,25,25,NA,2,0,95,8,3,48,6672,22,24,10,NA,31.13456578
12,1,5,0,1,10,10,10,NA,3,300,NA,8,3,48,8340,25,12,10,3.00E+06,31.14446529
12,1,0,2,0,2500,2500,5,-19.6,4,0,92.2,8,3,96,NA,25,NA,30,1.00E+06,31.21
12,1,2,0,1,NA,NA,NA,NA,3,0,NA,7,3,96,4000,25,12,10,2500000,31.36882158
11,1,0,2,0,2600,2600,0.55,NA,6,0,NA,9,3,24,1668,25,16,150,6.00E+05,31.38
7,0,2,0,1,10,10,10,-7.08,1,0,NA,8,3,48,4003.2,20,NA,1,8593.75,31.41762452
12,1,2,0,1,NA,NA,NA,NA,3,0,NA,8,3,72,4000,25,12,100,2500000,31.46853084
12,1,2,0,1,NA,NA,NA,NA,3,0,NA,4,3,48,4000,25,12,100,2500000,31.48148077
12,1,3,1,2,3500,45,45,NA,7,110,93.99,3,3,96,5560,25,14,4,150000,31.49090909
10,1,0,2,0,2750,2750,1,-17.08306504,3,NA,64.51,3,3,48,NA,24,24,0.01,64800,31.68404987
0,1,0,2,0,NA,NA,NA,-34.3,10,135,NA,3,3,72,2224,28,24,0.1,NA,31.68567807
12,1,0,2,0,NA,NA,NA,-20.73304158,4,150,42.1,3,3,96,4000,24,14,40,1.00E+06,31.9
10,1,2,0,1,35,35,5,-23.97812714,3,NA,78.2,3,3,48,NA,24,24,0.01,65000,31.94888179
5,1,3,1,2,3500,10,10,NA,7,100,95,8,3,96,4448,24,16,25,25000,32
10,1,3,1,2,20000,1.1,1.1,NA,7,100,99.63,8,5,24,5450,24,NA,12,1000,32.03883493
12,1,0,2,0,NA,NA,NA,-25.0547046,4,150,96.3,8,1,96,4000,24,14,40,1.00E+06,32.09
12,1,0,2,0,2000,2000,2.1,-27.3,4,0,39.1,3,3,24,NA,25,NA,50,1.00E+06,32.11
11,1,1,0,1,98,98,98,NA,6,0,99,8,3,72,10000,25,12,1.44,2000,32.24
14,1,3,1,2,20000,1.1,1.1,NA,7,100,99.63,8,5,72,5450,24,NA,12,1000,32.2533555
6,1,2,0,1,30,30,2.75,-16.2,3,NA,68.94,3,3,96,3300,25,14,5,5.00E+05,32.39398085
10,1,0,2,0,2750,2750,1,-17.08121827,3,0,77.32,3,1,24,NA,25,16,0.01,550000,32.73
6,1,3,1,2,17500,1.5,1.5,NA,3,0,96.3,8,3,24,2250,25,12,50,2.00E+06,32.77310925
12,1,3,1,2,3200,70,70,NA,7,110,97.1,8,3,96,5560,25,14,10,150000,32.79
11,1,1,0,1,98,98,98,NA,6,0,99,8,3,36,10000,25,12,0.72,2000,32.89
7,0,2,0,1,10,10,10,-7.08,1,0,NA,8,3,24,4003.2,20,NA,1,8593.75,32.97297297
10,1,3,1,2,3500,10,10,NA,7,100,92,3,2,96,4448,24,16,1.6,50000,33
12,1,5,0,1,10,10,10,NA,3,400,NA,8,3,24,8340,25,12,5,3.00E+06,33.1174838
9,0,3,1,2,20000,25,25,NA,1,NA,95,8,3,72,4000,20,12,100,NA,33.38632708
14,1,3,1,2,10000,27.5,27.5,NA,7,200,98,8,4,8,NA,22.5,NA,9,2.00E+05,33.49528518
12,1,2,0,1,NA,NA,NA,NA,3,0,NA,8,3,96,4000,25,12,100,2500000,33.58633826
12,1,0,2,0,1000,1000,1.5,-24.7,4,0,62.3,9,3,96,NA,25,NA,20,1.00E+06,33.61
12,1,2,0,1,NA,NA,NA,NA,3,0,NA,7,3,72,4000,25,12,10,2500000,33.77659572
9,0,3,1,2,20000,25,25,NA,1,NA,95,8,3,96,4000,20,12,100,NA,33.8169625
4,0,4,1,3,27500,NA,NA,NA,7,0,NA,8,3,72,3892,20,12,100,10000,34.07521104
6,1,3,1,2,17500,1.5,1.5,NA,3,0,96.3,8,3,96,2250,25,12,10,2.00E+06,34.28
10,1,0,2,0,85.8,85.8,NA,NA,3,NA,71.1,5,3,6,NA,25,16,4,550000,34.30769231
11,1,0,2,0,2000,2000,2.5,-18.25,7,0,91,8,3,96,NA,NA,NA,5,3.00E+05,34.46
11,1,0,2,0,2000,2000,2.5,-14.20454545,7,0,91,8,3,96,3500,24,12,4.894313872,3.00E+05,34.49
12,1,0,2,0,2500,2500,5,-19.6,4,0,92.2,8,3,48,NA,25,NA,50,1.00E+06,34.66
10,1,3,1,2,20000,1.1,1.1,NA,7,100,99.63,8,5,72,5450,24,NA,16.8,1000,34.89148581
10,1,2,0,1,35,35,5,-23.97812714,3,NA,78.2,3,3,72,NA,24,24,10,65000,35.07422402
10,1,6,2,0,90,90,1.4,NA,3,150,81.88,8,3,72,5560,25,14,50,1.00E+06,35.08041627
12,1,0,2,0,6500,6500,NA,-46.67359667,4,NA,76.9,3,3,48,12009.6,24,14,10,1.00E+06,35.13
11,1,1,0,1,98,98,98,NA,6,0,99,8,3,60,10000,25,12,1.44,2000,35.28
12,1,0,2,0,3500,3500,1.2,-29.4,3,NA,40.3,3,3,72,NA,24,14,20,1.00E+05,35.4
10,1,6,3,4,208.295,208.295,208.295,-18.42931937,3,150,NA,8,3,72,5560,25,14,300,1.00E+06,36.37
10,1,6,3,4,208.295,208.295,208.295,-19.93717277,3,150,NA,8,3,72,5560,25,14,200,1.00E+06,36.37
12,1,5,0,1,10,10,10,NA,3,300,NA,8,3,48,8340,25,12,5,3.00E+06,36.39774858
11,1,0,2,0,2750,2750,1,-38,3,0,NA,3,3,72,5000,25,12,80,NA,36.92
11,1,1,0,1,98,98,98,NA,6,0,99,8,3,24,10000,25,12,0.36,2000,37.22
10,1,0,2,0,85.8,85.8,NA,NA,3,NA,71.1,5,3,6,NA,25,16,6,550000,37.23076924
11,1,0,2,0,1250,1250,1,-49,3,0,98,8,1,72,5000,25,12,20,NA,37.4
12,1,2,0,1,NA,NA,NA,NA,3,0,NA,8,3,120,4000,25,12,100,2500000,37.40902474
6,1,3,1,2,17500,1.5,1.5,NA,3,0,96.3,8,3,48,2250,25,12,50,2.00E+06,37.66233764
12,1,2,0,1,NA,NA,NA,NA,3,0,NA,4,3,144,4000,25,12,100,2500000,37.68472893
12,1,0,2,0,6500,6500,NA,-46.67359667,4,NA,76.9,3,3,48,12009.6,24,14,20,1.00E+06,38.58
6,1,2,0,1,30,30,2.75,-16.2,3,NA,68.94,3,3,48,3300,25,14,10,5.00E+05,38.78441907
12,1,2,0,1,NA,NA,NA,NA,3,0,NA,4,3,24,4000,25,12,500,2500000,38.78787814
12,1,3,1,2,2200,45,45,NA,7,110,93.75,3,3,96,5560,25,14,4,150000,38.90909091
12,1,0,2,0,2000,2000,NA,-28.14905815,4,NA,45.3,3,3,72,12009.6,24,14,15,5.00E+05,38.94414689
4,0,3,1,2,NA,19,19,NA,7,0,NA,8,3,168,3892,20,12,100,10000,39.02670247
12,1,2,0,1,NA,NA,NA,NA,3,0,NA,4,3,120,4000,25,12,100,2500000,39.2857141
6,1,2,0,1,30,30,2.75,-16.2,3,NA,68.94,3,3,96,3300,25,14,10,5.00E+05,39.45280438
12,1,3,1,2,1700,44,44,NA,7,110,91.06,3,3,96,5560,25,14,2,150000,39.63636364
10,1,6,2,0,50,50,1.2,NA,3,150,78.83,8,3,72,5560,25,14,50,1.00E+06,39.73509934
6,1,3,1,2,50000,30,30,-30.18,3,0,NA,8,3,288,2000,25,12,50,334095.0099,39.76846544
6,1,0,2,0,700,700,1.75,-10.9,3,NA,65.93,3,3,96,3300,25,14,20,5.00E+05,39.94528044
10,1,6,3,4,208.295,208.295,208.295,-22.53403141,3,150,NA,8,3,72,5560,25,14,100,1.00E+06,40.07
10,1,3,1,2,20000,1.1,1.1,NA,7,100,99.63,8,5,24,5450,24,NA,16.8,1000,40.77669903
14,1,3,1,2,20000,1.1,1.1,NA,7,100,99.63,8,5,48,5450,24,NA,23.52,1000,40.82243695
9,0,3,1,2,20000,25,25,NA,1,NA,95,8,3,48,4000,20,12,100,NA,40.88050551
12,1,2,0,1,NA,NA,NA,NA,3,0,NA,4,3,72,4000,25,12,100,2500000,40.88669962
13,1,3,1,2,NA,NA,NA,NA,9,0,NA,8,3,96,4000,20,12,5,1.00E+05,40.9090909
12,1,2,0,1,NA,NA,NA,NA,3,0,NA,7,3,48,4000,25,12,100,2500000,40.92827047
12,1,2,0,1,NA,NA,NA,NA,3,0,NA,8,3,144,4000,25,12,100,2500000,40.94775211
10,1,3,1,2,3500,10,10,NA,7,100,92,3,3,96,4448,24,16,25,50000,41
10,1,6,3,4,208.295,208.295,208.295,-19.93717277,3,150,NA,8,3,72,5560,25,14,300,1.00E+06,41.18
12,1,5,0,1,10,10,10,NA,3,300,NA,3,3,48,8340,25,12,20,3.00E+06,41.27579737
11,1,0,2,0,2600,2600,0.55,NA,6,0,NA,9,3,48,1668,25,16,150,6.00E+05,41.29
14,1,3,1,2,10000,27.5,27.5,NA,7,200,98,8,4,8,NA,22.5,NA,27,2.00E+05,41.41491642
0,1,0,2,0,NA,NA,NA,-34.3,10,135,NA,3,3,72,2224,28,24,0.5,NA,41.57160963
12,1,2,0,1,NA,NA,NA,NA,3,0,NA,4,3,96,4000,25,12,100,2500000,41.68224295
16,1,3,1,2,1250,11.5,11.5,NA,9,0,95,8,3,24,NA,20,12,20,1600000,41.8128655
11,1,0,2,0,1750,1750,0.875,-20.55,7,0,NA,3,3,96,3500,24,12,12.30619182,3.00E+05,41.93
12,1,0,2,0,2500,2500,5,-19.6,4,0,92.2,8,3,96,NA,25,NA,50,1.00E+06,41.96
10,1,6,3,4,208.295,208.295,208.295,-18.42931937,3,150,NA,8,3,72,5560,25,14,400,1.00E+06,42.05
12,1,0,2,0,2000,2000,2.1,-27.3,4,0,39.1,3,3,96,NA,25,NA,20,1.00E+06,42.17
11,1,0,2,0,1750,1750,0.875,-21.91666667,7,0,64,3,3,96,3500,24,12,9.830171737,3.00E+05,42.2
6,1,0,2,0,700,700,1.75,-10.9,3,NA,65.93,3,3,96,3300,25,14,30,5.00E+05,42.29822161
8,1,3,1,2,12500,15,15,NA,3,NA,90,8,3,96,NA,25,14,10,780000,42.60000002
6,1,3,1,2,50000,30,30,-30.18,3,0,NA,8,3,216,2000,25,12,50,334095.0099,42.61513984
12,1,3,1,2,3200,70,70,NA,7,0,97.1,8,3,96,5560,25,14,10,1.00E+05,42.69889225
11,1,1,0,1,98,98,98,NA,6,0,99,8,3,48,10000,25,12,1.44,2000,42.84
6,1,3,1,2,17500,1.5,1.5,NA,3,0,96.3,8,3,24,2250,25,12,100,2.00E+06,42.85714285
12,1,0,2,0,NA,NA,NA,-19.03719912,4,150,74.2,9,3,96,4000,24,14,40,1.00E+06,42.9
10,1,2,0,1,35,35,5,-23.97812714,3,NA,78.2,3,3,48,NA,24,24,1,65000,43.00319489
12,1,0,2,0,6500,6500,NA,-46.67359667,4,NA,76.9,3,3,48,12009.6,24,14,40,1.00E+06,43.17
14,1,3,1,2,10000,1.2,1.2,-31.5,7,200,95,8,4,72,6000,23,24,11,10000,43.27349445
12,1,3,1,2,3500,45,45,NA,7,110,93.99,3,3,96,5560,25,14,6,150000,43.41818182
14,1,3,1,2,20000,1.1,1.1,NA,7,100,99.63,8,5,24,5450,24,NA,12,1000,43.51816444
12,1,3,1,2,3200,70,70,NA,7,110,97.1,8,7,96,5560,25,14,10,150000,43.53
14,1,3,1,2,10000,1.5,1.5,NA,7,200,95,8,4,72,NA,22.5,NA,10,10000,43.57
10,1,0,2,0,85.8,85.8,NA,NA,3,NA,71.1,5,3,18,NA,25,16,4,550000,43.62017804
11,1,1,0,1,98,98,98,NA,6,0,99,8,3,24,10000,25,12,0.72,2000,43.85
12,1,2,0,1,NA,NA,NA,NA,3,0,NA,7,3,48,4000,25,12,50,2500000,43.88185642
10,1,2,2,0,25,25,4,-27.5,3,0,NA,8,3,96,NA,26,14,10,3.00E+05,44.23868313
12,1,0,2,0,2000,2000,2.1,-27.3,4,0,39.1,3,3,48,NA,25,NA,50,1.00E+06,44.24
12,1,0,2,0,3500,3500,1.2,-29.4,3,NA,40.3,3,3,72,NA,24,14,30,1.00E+05,44.3
12,1,3,1,2,1700,28,28,NA,7,0,98,8,3,96,5560,25,14,10,1.00E+05,44.51158107
12,1,0,2,0,2000,2000,NA,-28.14905815,4,NA,45.3,3,3,72,12009.6,24,14,20,5.00E+05,45.3710788
11,1,1,0,1,98,98,98,NA,6,0,99,8,3,36,10000,25,12,1.44,2000,45.41
11,1,2,0,1,10,10,10,-5.21,7,NA,NA,8,3,24,4000,25,12,500,20000,45.5666004
6,1,0,2,0,700,700,1.75,-10.9,3,NA,65.93,3,3,96,3300,25,14,40,5.00E+05,45.63611491
14,1,3,1,2,20000,1.1,1.1,NA,7,100,99.63,8,5,24,5450,24,NA,16.8,1000,45.90949649
14,1,6,3,4,93.1,93.1,93.1,NA,7,200,99,8,4,8,NA,22.5,NA,25,2.00E+05,45.91780822
12,1,0,2,0,1000,1000,1.5,-24.7,4,0,62.3,9,3,48,NA,25,NA,50,1.00E+06,46.07
14,1,1,0,1,30,30,30,NA,7,200,99,8,4,8,NA,22.5,NA,450,2.00E+05,46.16648412
12,1,0,2,0,1000,1000,1.5,-24.7,4,0,62.3,9,3,96,NA,25,NA,30,1.00E+06,46.24
14,1,3,1,2,10000,1.5,1.5,NA,7,200,95,8,4,8,NA,22.5,NA,27,2.00E+05,46.44636743
14,1,3,1,2,20000,1.1,1.1,NA,7,100,99.63,8,5,72,5450,24,NA,16.8,1000,46.49811443
10,1,3,1,2,20000,1.1,1.1,NA,7,100,99.63,8,5,24,5450,24,NA,23.52,1000,46.60194174
10,1,6,3,4,208.295,208.295,208.295,-19.93717277,3,150,NA,8,3,72,5560,25,14,400,1.00E+06,46.73
11,1,0,2,0,2600,2600,0.55,NA,6,0,NA,9,3,72,1668,25,16,150,6.00E+05,46.75
10,1,2,0,1,35,35,5,-23.97812714,3,NA,78.2,3,3,96,NA,24,24,10,65000,46.85784015
6,1,2,0,1,30,30,2.75,-16.2,3,NA,68.94,3,3,96,3300,25,14,20,5.00E+05,46.9493844
11,1,0,2,0,1250,1250,1,-45.2,3,0,98,8,3,72,5000,25,12,20,NA,47.01
0,1,0,2,0,NA,NA,NA,-34.3,10,135,NA,3,3,72,2224,28,24,1,NA,47.65525982
12,1,0,2,0,2000,2000,2.1,-27.3,4,0,39.1,3,3,96,NA,25,NA,30,1.00E+06,47.91
12,1,0,2,0,2500,2500,5,-19.6,4,0,92.2,8,3,72,NA,25,NA,50,1.00E+06,47.98
10,1,6,3,4,208.295,208.295,208.295,-18.42931937,3,150,NA,8,3,72,5560,25,14,500,1.00E+06,48.34
14,1,3,1,2,20000,1.1,1.1,NA,7,100,99.63,8,5,24,5450,24,NA,23.52,1000,48.48183556
12,1,3,1,2,2200,45,45,NA,7,110,93.75,3,3,96,5560,25,14,6,150000,48.94545455
12,1,5,0,1,10,10,10,NA,3,300,NA,8,3,48,8340,25,12,20,3.00E+06,49.15572232
14,1,3,1,2,10000,27.5,27.5,NA,7,200,98,8,4,72,NA,22.5,NA,10,10000,49.22308546
14,1,6,3,4,93.1,93.1,93.1,NA,7,200,99,8,4,72,NA,22.5,NA,3,10000,49.41784396
14,1,0,2,0,160,160,3.5,-24.3,8,NA,NA,3,3,96,6672,19,12,20,1.00E+05,50
12,1,3,1,2,3200,70,70,NA,7,110,97.1,8,6,96,5560,25,14,10,150000,50.17
14,1,1,0,1,30,30,30,NA,7,200,99,8,4,72,NA,22.5,NA,400,10000,50.97060455
12,1,0,2,0,3500,3500,1.2,-29.4,3,NA,40.3,3,3,72,NA,24,14,50,1.00E+05,51.1
6,1,3,1,2,50000,30,30,-30.18,3,0,NA,8,3,72,2000,25,12,50,334095.0099,51.16509886
6,1,0,2,0,700,700,1.75,-10.9,3,NA,65.93,3,3,96,3300,25,14,50,5.00E+05,51.32694938
10,1,0,2,0,85.8,85.8,NA,NA,3,NA,71.1,5,3,18,NA,25,16,6,550000,51.48367953
16,1,3,1,2,1250,11.5,11.5,NA,9,0,95,8,3,48,NA,20,12,20,1600000,51.76767676
12,1,3,1,2,3200,70,70,NA,7,110,97.1,8,3,96,5560,25,14,15,150000,52.04
10,1,0,2,0,NA,NA,NA,NA,3,0,56.08,5,3,18,NA,25,16,20,1100000,52.07226356
12,1,0,2,0,2000,2000,2.1,-27.3,4,0,39.1,3,3,96,NA,25,NA,50,1.00E+06,52.19
11,1,0,2,0,2600,2600,0.55,NA,6,0,NA,9,3,96,1668,25,16,150,6.00E+05,52.22
10,1,6,3,4,208.295,208.295,208.295,-22.53403141,3,150,NA,8,3,72,5560,25,14,200,1.00E+06,52.28
10,1,6,3,4,208.295,208.295,208.295,-19.93717277,3,150,NA,8,3,72,5560,25,14,500,1.00E+06,52.53
12,1,0,2,0,2000,2000,NA,-28.14905815,4,NA,45.3,3,3,72,12009.6,24,14,30,5.00E+05,52.79265493
12,1,0,2,0,2000,2000,2.1,-27.3,4,0,39.1,3,3,72,NA,25,NA,50,1.00E+06,52.91
10,1,6,3,4,208.295,208.295,208.295,-18.42931937,3,150,NA,8,3,72,5560,25,14,600,1.00E+06,53.27
11,1,2,0,1,10,10,10,-5.21,7,NA,NA,8,3,48,4000,25,12,100,20000,53.35984095
9,0,3,1,2,20000,25,25,NA,1,NA,95,8,3,24,4000,20,12,200,NA,53.50648727
10,1,0,2,0,85.8,85.8,NA,NA,3,NA,71.1,5,3,24,NA,25,16,4,550000,53.51123596
10,1,2,0,1,35,35,5,-23.97812714,3,NA,78.2,3,3,24,NA,24,24,1,65000,53.6461636
6,1,2,0,1,30,30,2.75,-16.2,3,NA,68.94,3,3,96,3300,25,14,30,5.00E+05,54.28180575
10,1,2,0,1,35,35,5,-23.97812714,3,NA,78.2,3,3,24,NA,24,24,0.01,65000,54.34369055
11,1,1,0,1,98,98,98,NA,6,0,99,8,3,24,10000,25,12,1.44,2000,54.53
13,1,3,1,2,NA,NA,NA,NA,9,0,NA,8,3,96,4000,20,12,10,1.00E+05,54.54545454
12,1,0,2,0,2500,2500,5,-19.6,4,0,92.2,8,3,96,NA,25,NA,70,1.00E+06,54.59
9,0,3,1,2,20000,25,25,NA,1,NA,95,8,3,72,4000,20,12,200,NA,54.68998213
12,1,0,2,0,1000,1000,1.5,-24.7,4,0,62.3,9,3,72,NA,25,NA,50,1.00E+06,54.73
12,1,0,2,0,6500,6500,NA,-46.67359667,4,NA,76.9,3,3,48,12009.6,24,14,80,1.00E+06,54.82
16,1,3,1,2,1250,11.5,11.5,NA,9,0,95,8,3,72,NA,20,12,20,1600000,55.04385964
12,1,2,0,1,NA,NA,NA,NA,3,0,NA,7,3,72,4000,25,12,50,2500000,55.31914917
12,1,3,1,2,3200,70,70,NA,7,110,97.1,8,6,96,5560,25,14,15,150000,55.54
12,1,5,0,1,10,10,10,NA,3,300,NA,3,3,48,8340,25,12,50,3.00E+06,55.72232645
12,1,2,0,1,NA,NA,NA,NA,3,0,NA,8,3,48,4000,25,12,500,2500000,55.98591536
12,1,3,1,2,1700,44,44,NA,7,110,91.06,3,3,96,5560,25,14,4,150000,56.07272727
12,1,3,1,2,3200,70,70,NA,7,110,97.1,8,7,96,5560,25,14,15,150000,56.13
14,1,3,1,2,10000,1.5,1.5,NA,7,200,95,8,4,8,NA,22.5,NA,82,2.00E+05,56.15176243
10,1,2,0,1,35,35,5,-23.97812714,3,NA,78.2,3,3,24,NA,24,24,10,65000,57.57767914
6,1,2,0,1,30,30,2.75,-16.2,3,NA,68.94,3,3,96,3300,25,14,40,5.00E+05,57.6744186
9,0,3,1,2,20000,25,25,NA,1,NA,95,8,3,96,4000,20,12,200,NA,57.92410625
10,1,3,1,2,20000,1.1,1.1,NA,7,100,99.63,8,5,72,5450,24,NA,23.52,1000,57.92988314
12,1,0,2,0,2500,2500,5,-19.6,4,0,92.2,8,3,96,NA,25,NA,100,1.00E+06,58.04
9,0,3,1,2,20000,25,25,NA,1,NA,95,8,3,48,4000,20,12,200,NA,58.90985256
6,1,3,1,2,50000,30,30,-30.18,3,0,NA,8,3,144,2000,25,12,50,334095.0099,59.16722633
12,1,0,2,0,2000,2000,2.1,-27.3,4,0,39.1,3,3,96,NA,25,NA,70,1.00E+06,59.29
12,1,3,1,2,3200,70,70,NA,7,110,97.1,8,3,96,5560,25,14,20,150000,59.45
14,1,3,1,2,20000,1.1,1.1,NA,7,100,99.63,8,5,48,5450,24,NA,32.93,1000,59.56909999
12,1,2,0,1,NA,NA,NA,NA,3,0,NA,7,3,72,4000,25,12,100,2500000,59.5744674
12,1,0,2,0,2000,2000,NA,-28.14905815,4,NA,45.3,3,3,72,12009.6,24,14,40,5.00E+05,59.60214231
6,1,3,1,2,17500,1.5,1.5,NA,3,0,96.3,8,3,48,2250,25,12,100,2.00E+06,59.74025973
12,1,3,1,2,2100,47,47,NA,7,110,92.44,3,3,96,5560,25,14,6,150000,60
6,1,2,0,1,30,30,2.75,-16.2,3,NA,68.94,3,3,96,3300,25,14,50,5.00E+05,60.41039672
8,1,3,1,2,12500,15,15,NA,3,NA,90,8,3,24,NA,25,14,100,780000,60.69651741
12,1,5,0,1,10,10,10,NA,3,400,NA,8,3,48,8340,25,12,20,3.00E+06,60.74232691
10,1,3,1,2,3500,10,10,NA,7,100,92,3,3,96,4448,24,16,50,50000,61
10,1,3,1,2,3500,10,10,NA,7,100,95,8,3,96,4448,24,16,50,50000,61.5
11,1,2,0,1,10,10,10,-5.21,7,NA,NA,8,3,48,4000,25,12,200,20000,61.94831014
12,1,0,2,0,6500,6500,NA,-46.67359667,4,NA,76.9,3,3,48,12009.6,24,14,120,1.00E+06,62.14
12,1,2,0,1,NA,NA,NA,NA,3,0,NA,7,3,96,4000,25,12,50,2500000,62.16730084
14,1,3,1,2,10000,1.2,1.2,-31.5,7,200,95,8,4,72,6000,23,24,33,10000,62.38413997
16,1,3,1,2,1250,11.5,11.5,NA,9,0,95,8,3,48,NA,20,12,30,1600000,62.62626262
14,1,3,1,2,10000,1.5,1.5,NA,7,200,95,8,4,72,NA,22.5,NA,33,10000,62.64
12,1,0,2,0,1000,1000,1.5,-24.7,4,0,62.3,9,3,96,NA,25,NA,50,1.00E+06,62.73
10,1,3,1,2,3500,10,10,NA,7,100,95,8,3,96,4448,24,16,25,50000,63
15,1,3,1,2,17500,30,30,-18.95194743,11,0,93,8,3,24,3614,20,24,100,5.00E+05,63.15789803
14,1,3,1,2,20000,1.1,1.1,NA,7,100,99.63,8,5,24,5450,24,NA,32.93,1000,63.27087317
12,1,3,1,2,3500,45,45,NA,7,110,93.99,3,3,96,5560,25,14,8,150000,63.63636364
14,1,3,1,2,10000,27.5,27.5,NA,7,200,98,8,4,8,NA,22.5,NA,80,2.00E+05,64.408535
14,1,3,1,2,20000,1.1,1.1,NA,7,100,99.63,8,5,24,5450,24,NA,46.1,1000,64.5583174
16,1,3,1,2,1250,11.5,11.5,NA,9,0,95,8,3,72,NA,20,12,30,1600000,64.91228069
11,1,2,0,1,10,10,10,-5.21,7,NA,NA,8,3,72,4000,25,12,100,20000,65.28827038
12,1,0,2,0,2000,2000,NA,-28.14905815,4,NA,45.3,3,3,72,12009.6,24,14,50,5.00E+05,65.30068859
8,1,3,1,2,12500,15,15,NA,3,NA,90,8,3,48,NA,25,14,100,780000,65.37059539
10,1,6,3,4,208.295,208.295,208.295,-19.93717277,3,150,NA,8,3,72,5560,25,14,600,1.00E+06,65.72
10,1,4,1,3,155000,12,12,-12.0945083,11,NA,NA,8,3,24,3614,20,24,100,5.00E+05,65.90388954
10,1,6,3,4,208.295,208.295,208.295,-22.53403141,3,150,NA,8,3,72,5560,25,14,300,1.00E+06,65.97
14,1,1,0,1,30,30,30,NA,7,200,99,8,4,8,NA,22.5,NA,1350,2.00E+05,66.26506024
11,1,1,0,1,98,98,98,NA,6,0,99,8,3,72,10000,25,12,2.5,2000,66.42
11,1,2,0,1,10,10,10,-5.21,7,NA,NA,8,3,96,4000,25,12,100,20000,66.56063618
12,1,0,2,0,3500,3500,1.2,-29.4,3,NA,40.3,3,3,72,NA,24,14,100,1.00E+05,66.7
12,1,0,2,0,2000,2000,2.1,-27.3,4,0,39.1,3,3,96,NA,25,NA,100,1.00E+06,66.7
10,1,4,1,3,155000,12,12,-12.0945083,11,NA,NA,8,3,24,3614,20,24,50,5.00E+05,66.81922166
12,1,2,0,1,NA,NA,NA,NA,3,0,NA,7,3,144,4000,25,12,50,2500000,67.42596806
8,1,3,1,2,12500,15,15,NA,3,NA,90,8,3,72,NA,25,14,100,780000,67.45623068
12,1,2,0,1,NA,NA,NA,NA,3,0,NA,7,3,96,4000,25,12,100,2500000,67.49049456
12,1,0,2,0,1000,1000,1.5,-24.7,4,0,62.3,9,3,96,NA,25,NA,70,1.00E+06,67.85
16,1,3,1,2,1250,11.5,11.5,NA,9,0,95,8,3,24,NA,20,12,30,1600000,68.42105263
13,1,3,1,2,NA,NA,NA,NA,9,0,NA,8,3,96,4000,20,12,30,1.00E+05,69.09090908
10,1,6,3,4,208.295,208.295,208.295,-22.53403141,3,150,NA,8,3,72,5560,25,14,400,1.00E+06,69.17
10,1,4,1,3,155000,12,12,-12.0945083,11,NA,NA,8,3,24,3614,20,24,1,5.00E+05,69.56521692
14,1,3,1,2,10000,1.5,1.5,NA,7,200,95,8,4,8,NA,22.5,NA,250,2.00E+05,69.76990751
10,1,3,1,2,20000,1.1,1.1,NA,7,100,99.63,8,5,24,5450,24,NA,32.93,1000,69.90291262
12,1,2,0,1,NA,NA,NA,NA,3,0,NA,4,3,48,4000,25,12,500,2500000,70.00000017
14,1,6,3,4,93.1,93.1,93.1,NA,7,200,99,8,4,8,NA,22.5,NA,80,2.00E+05,70.02739726
14,1,0,2,0,160,160,3.5,-24.3,8,NA,NA,3,3,96,6672,19,12,50,1.00E+05,70.07
10,1,3,1,2,20000,1.1,1.1,NA,7,100,99.63,8,5,72,5450,24,NA,32.93,1000,70.11686144
12,1,2,0,1,NA,NA,NA,NA,3,0,NA,8,3,72,4000,25,12,500,2500000,70.16317021
10,1,3,1,2,20000,1.1,1.1,NA,7,100,99.63,8,5,48,5450,24,NA,32.93,1000,70.703125
12,1,0,2,0,2500,2500,5,-19.6,4,0,92.2,8,3,96,NA,25,NA,150,1.00E+06,70.98
15,1,3,1,2,17500,30,30,-18.95194743,11,0,93,8,3,48,3614,20,24,1,5.00E+05,71.16737161
12,1,5,0,1,10,10,10,NA,3,300,NA,8,3,48,8340,25,12,50,3.00E+06,71.85741088
8,1,3,1,2,12500,15,15,NA,3,NA,90,8,3,96,NA,25,14,100,780000,72.06666667
14,1,3,1,2,10000,27.5,27.5,NA,7,200,98,8,4,8,NA,22.5,NA,250,2.00E+05,72.24202322
14,1,3,1,2,20000,1.1,1.1,NA,7,100,99.63,8,5,72,5450,24,NA,23.52,1000,72.27119744
16,1,3,1,2,1250,11.5,11.5,NA,9,0,95,8,3,24,NA,20,12,40,1600000,72.80701754
16,1,3,1,2,1250,11.5,11.5,NA,9,0,95,8,3,96,NA,20,12,20,1600000,73.04015296
11,1,1,0,1,98,98,98,NA,6,0,99,8,3,60,10000,25,12,2.5,2000,73.05
15,1,3,1,2,17500,30,30,-18.95194743,11,0,93,8,3,96,3614,20,24,100,5.00E+05,73.16455764
11,1,2,0,1,10,10,10,-5.21,7,NA,NA,8,3,72,4000,25,12,200,20000,73.55864811
14,1,1,0,1,30,30,30,NA,7,200,99,8,4,72,NA,22.5,NA,800,10000,73.65501941
11,1,2,0,1,10,10,10,-5.21,7,NA,NA,8,3,96,4000,25,12,200,20000,73.87673956
10,1,3,1,2,50000,30,30,-18.53887399,11,NA,NA,8,3,96,3614,20,24,100,5.00E+05,74.16452429
10,1,6,3,4,208.295,208.295,208.295,-22.53403141,3,150,NA,8,3,72,5560,25,14,500,1.00E+06,74.48
10,1,3,1,2,20000,1.1,1.1,NA,7,100,99.63,8,5,24,5450,24,NA,46.1,1000,74.75728155
13,1,3,1,2,NA,NA,NA,NA,9,0,NA,8,3,96,4000,20,12,50,1.00E+05,74.95867768
10,1,4,1,3,155000,12,12,-12.0945083,11,NA,NA,8,3,72,3614,20,24,100,5.00E+05,75.07082122
12,1,3,1,2,800,9,9,NA,7,0,89,8,3,96,5560,25,14,50,1.00E+05,75.2265861
12,1,5,0,1,10,10,10,NA,3,400,NA,8,3,48,8340,25,12,50,3.00E+06,75.37473233
12,1,2,0,1,NA,NA,NA,NA,3,0,NA,7,3,144,4000,25,12,100,2500000,75.39863319
15,1,3,1,2,17500,30,30,-18.95194743,11,0,93,8,3,48,3614,20,24,50,5.00E+05,75.52742653
10,1,4,1,3,155000,12,12,-12.0945083,11,NA,NA,8,3,72,3614,20,24,50,5.00E+05,75.77903675
15,1,3,1,2,17500,30,30,-18.95194743,11,0,93,8,3,96,3614,20,24,50,5.00E+05,75.94936578
10,1,3,1,2,50000,30,30,-18.53887399,11,NA,NA,8,3,48,3614,20,24,100,5.00E+05,76.19808271
16,1,3,1,2,1250,11.5,11.5,NA,9,0,95,8,3,48,NA,20,12,40,1600000,76.51515151
12,1,0,2,0,1000,1000,1.5,-24.7,4,0,62.3,9,3,96,NA,25,NA,100,1.00E+06,77.04
16,1,3,1,2,1250,11.5,11.5,NA,9,0,95,8,3,96,NA,20,12,30,1600000,77.24665391
12,1,2,0,1,NA,NA,NA,NA,3,0,NA,8,3,96,4000,25,12,500,2500000,77.60910838
10,1,3,1,2,50000,30,30,-18.53887399,11,NA,NA,8,3,72,3614,20,24,50,5.00E+05,77.62039647
10,1,4,1,3,155000,12,12,-12.0945083,11,NA,NA,8,3,48,3614,20,24,100,5.00E+05,77.63578287
12,1,0,2,0,2000,2000,2.1,-27.3,4,0,39.1,3,3,96,NA,25,NA,150,1.00E+06,78.6
15,1,3,1,2,17500,30,30,-18.95194743,11,0,93,8,3,48,3614,20,24,100,5.00E+05,78.90295193
12,1,2,0,1,NA,NA,NA,NA,3,0,NA,8,3,120,4000,25,12,500,2500000,79.3304223
15,1,3,1,2,17500,30,30,-18.95194743,11,0,93,8,3,72,3614,20,24,1,5.00E+05,79.62675033
12,1,3,1,2,1700,44,44,NA,7,110,91.06,3,3,96,5560,25,14,6,150000,79.63636364
10,1,3,1,2,50000,30,30,-18.53887399,11,NA,NA,8,3,48,3614,20,24,50,5.00E+05,79.71246012
10,1,3,1,2,50000,30,30,-18.53887399,11,NA,NA,8,3,96,3614,20,24,50,5.00E+05,79.82005135
16,1,3,1,2,1250,11.5,11.5,NA,9,0,95,8,3,72,NA,20,12,40,1600000,80.26315789
12,1,2,0,1,NA,NA,NA,NA,3,0,NA,4,3,72,4000,25,12,500,2500000,80.54187205
10,1,6,3,4,208.295,208.295,208.295,-22.53403141,3,150,NA,8,3,72,5560,25,14,600,1.00E+06,80.64
10,1,4,1,3,155000,12,12,-12.0945083,11,NA,NA,8,3,96,3614,20,24,1,5.00E+05,80.71979459
10,1,3,1,2,50000,30,30,-18.53887399,11,NA,NA,8,3,72,3614,20,24,100,5.00E+05,80.87818659
6,1,3,1,2,17500,1.5,1.5,NA,3,0,96.3,8,3,96,2250,25,12,50,2.00E+06,80.93
14,1,3,1,2,20000,1.1,1.1,NA,7,100,99.63,8,5,72,5450,24,NA,32.93,1000,80.96468108
12,1,2,0,1,NA,NA,NA,NA,3,0,NA,8,3,144,4000,25,12,500,2500000,81.65249064
14,1,6,3,4,93.1,93.1,93.1,NA,7,200,99,8,4,8,NA,22.5,NA,250,2.00E+05,82.08219178
12,1,3,1,2,2200,45,45,NA,7,110,93.75,3,3,96,5560,25,14,8,150000,82.10909091
15,1,3,1,2,17500,30,30,-18.95194743,11,0,93,8,3,72,3614,20,24,50,5.00E+05,82.11508796
11,1,0,2,0,2000,2000,2.5,-14.20454545,7,0,91,8,3,96,3500,24,12,24.60783048,3.00E+05,82.2
16,1,3,1,2,1250,11.5,11.5,NA,9,0,95,8,3,24,NA,20,12,50,1600000,82.45614035
10,1,4,1,3,155000,12,12,-12.0945083,11,NA,NA,8,3,96,3614,20,24,100,5.00E+05,82.51928044
15,1,3,1,2,17500,30,30,-18.95194743,11,0,93,8,3,72,3614,20,24,100,5.00E+05,82.58164638
15,1,3,1,2,17500,30,30,-18.95194743,11,0,93,8,3,96,3614,20,24,1,5.00E+05,83.54430395
14,1,3,1,2,10000,27.5,27.5,NA,7,200,98,8,4,72,NA,22.5,NA,33,10000,83.62930078
10,1,4,1,3,155000,12,12,-12.0945083,11,NA,NA,8,3,96,3614,20,24,50,5.00E+05,83.93316205
16,1,3,1,2,1250,11.5,11.5,NA,9,0,95,8,3,48,NA,20,12,50,1600000,84.09090909
14,1,6,3,4,93.1,93.1,93.1,NA,7,200,99,8,4,72,NA,22.5,NA,20,10000,84.2708428
10,1,4,1,3,155000,12,12,-12.0945083,11,NA,NA,8,3,48,3614,20,24,1,5.00E+05,84.50479247
12,1,0,2,0,2000,2000,2.1,-27.3,4,0,39.1,3,3,96,NA,25,NA,200,1.00E+06,84.86
10,1,3,1,2,50000,30,30,-18.53887399,11,NA,NA,8,3,48,3614,20,24,1,5.00E+05,84.98402586
14,1,0,2,0,160,160,3.5,-24.3,8,NA,NA,3,3,96,6672,19,12,100,1.00E+05,85.04
10,1,4,1,3,155000,12,12,-12.0945083,11,NA,NA,8,3,72,3614,20,24,1,5.00E+05,85.26912157
16,1,3,1,2,1250,11.5,11.5,NA,9,0,95,8,3,72,NA,20,12,50,1600000,85.30701754
12,1,2,0,1,NA,NA,NA,NA,3,0,NA,4,3,96,4000,25,12,500,2500000,85.42056116
10,1,4,1,3,155000,12,12,-12.0945083,11,NA,NA,8,3,48,3614,20,24,50,5.00E+05,86.58146972
13,1,3,1,2,NA,NA,NA,NA,9,0,NA,8,3,96,4000,20,12,70,1.00E+05,86.94214875
10,1,3,1,2,50000,30,30,-18.53887399,11,NA,NA,8,3,72,3614,20,24,1,5.00E+05,87.81869682
16,1,3,1,2,1250,11.5,11.5,NA,9,0,95,8,3,96,NA,20,12,40,1600000,88.33652007
12,1,3,1,2,1700,44,44,NA,7,110,91.06,3,3,96,5560,25,14,8,150000,88.36363636
12,1,3,1,2,2100,47,47,NA,7,110,92.44,3,3,96,5560,25,14,8,150000,88.50909091
12,1,0,2,0,1000,1000,1.5,-24.7,4,0,62.3,9,3,96,NA,25,NA,150,1.00E+06,88.83
12,1,3,1,2,3200,70,70,NA,7,0,97.1,8,3,96,5560,25,14,20,1.00E+05,89.42598187
14,1,3,1,2,20000,1.1,1.1,NA,7,100,99.63,8,5,48,5450,24,NA,46.1,1000,89.67033427
10,1,3,1,2,50000,30,30,-18.53887399,11,NA,NA,8,3,24,3614,20,24,1,5.00E+05,90.61784907
12,1,3,1,2,3200,70,70,NA,7,110,97.1,8,3,96,5560,25,14,30,150000,91.06
11,1,2,0,1,10,10,10,-5.21,7,NA,NA,8,3,72,4000,25,12,500,20000,91.21272366
12,1,3,1,2,3200,70,70,NA,7,110,97.1,8,6,96,5560,25,14,20,150000,91.23
12,1,3,1,2,3200,70,70,NA,7,110,97.1,8,7,96,5560,25,14,20,150000,92.16
10,1,3,1,2,50000,30,30,-18.53887399,11,NA,NA,8,3,24,3614,20,24,50,5.00E+05,92.44851222
11,1,2,0,1,10,10,10,-5.21,7,NA,NA,8,3,96,4000,25,12,500,20000,92.64413519
12,1,0,2,0,1000,1000,1.5,-24.7,4,0,62.3,9,3,96,NA,25,NA,200,1.00E+06,92.69
14,1,3,1,2,20000,1.1,1.1,NA,7,100,99.63,8,5,72,5450,24,NA,46.1,1000,93.23750051
13,1,3,1,2,NA,NA,NA,NA,9,0,NA,8,3,96,4000,20,12,100,1.00E+05,93.38842975
12,1,3,1,2,3200,70,70,NA,7,110,97.1,8,6,96,5560,25,14,30,150000,93.44
10,1,3,1,2,50000,30,30,-18.53887399,11,NA,NA,8,3,24,3614,20,24,100,5.00E+05,93.82151039
14,1,3,1,2,10000,1.2,1.2,-31.5,7,200,95,8,4,72,6000,23,24,100,10000,93.84253774
16,1,3,1,2,1250,11.5,11.5,NA,9,0,95,8,3,96,NA,20,12,50,1600000,93.88145315
14,1,3,1,2,10000,1.5,1.5,NA,7,200,95,8,4,72,NA,22.5,NA,100,10000,93.96
12,1,3,1,2,1700,28,28,NA,7,0,98,8,3,96,5560,25,14,20,1.00E+05,94.36052367
11,1,0,2,0,1750,1750,0.875,-20.55,7,0,NA,3,3,96,3500,24,12,29.47475729,3.00E+05,95.28
11,1,0,2,0,1750,1750,0.875,-21.91666667,7,0,64,3,3,96,3500,24,12,24.60783048,3.00E+05,95.59
11,1,0,2,0,1750,1750,0.875,-20.55,7,0,NA,3,3,96,3500,24,12,56.33719443,3.00E+05,96.69
11,1,0,2,0,1750,1750,0.875,-21.91666667,7,0,64,3,3,96,3500,24,12,49.42453753,3.00E+05,97.17
12,1,3,1,2,3200,70,70,NA,7,0,97.1,8,3,96,5560,25,14,50,1.00E+05,98.08660624
12,1,3,1,2,1700,28,28,NA,7,0,98,8,3,96,5560,25,14,50,1.00E+05,98.79154079
14,1,3,1,2,10000,27.5,27.5,NA,7,200,98,8,4,72,NA,22.5,NA,100,10000,99.11209767
12,1,3,1,2,3200,70,70,NA,7,110,97.1,8,7,96,5560,25,14,30,150000,99.32
12,1,3,1,2,1700,28,28,NA,7,0,98,8,3,96,5560,25,14,100,1.00E+05,99.49647533
12,1,3,1,2,3200,70,70,NA,7,0,97.1,8,3,96,5560,25,14,100,1.00E+05,100
